name,href,time,price,bedroom,location
New Main Floor of House Near UBC & Lord Byng,https://vancouver.craigslist.org/van/apa/d/vancouver-new-main-floor-of-house-near/7494907619.html,2022-06-23 20:08:00,4999,3,location not found
4 bed 2 bath close to UBC,https://vancouver.craigslist.org/van/apa/d/vancouver-bed-bath-close-to-ubc/7499505061.html,2022-06-23 20:06:00,4300,4,SW Marine Drive
UBC CONDO - 2 BED 2 BATH W/ FIREPLACE & BALCONY @GLENLLOYD PARK,https://vancouver.craigslist.org/van/apa/d/vancouver-ubc-condo-bed-bath-fireplace/7494183935.html,2022-06-23 19:00:00,3950,2,5725 Agronomy Road
"UBC Westbrook Village - 2 bed condo; A/C, laundry, Parking",https://vancouver.craigslist.org/van/apa/d/vancouver-ubc-westbrook-village-bed/7499511675.html,2022-06-23 16:56:00,3800,2,location not found
Kitsilano-Character-Private-BIG BALCONY-Wood floors-UBC-clean-BRIGHT,https://vancouver.craigslist.org/van/apa/d/vancouver-kitsilano-character-private/7500371098.html,2022-06-23 14:53:00,5000,1,west 7th avenue near balsam
Stunning Ocean View 2 bed 2 bath- Nobel Park @ UBC Wesbrook Village,https://vancouver.craigslist.org/van/apa/d/vancouver-stunning-ocean-view-bed-bath/7496483097.html,2022-06-23 13:25:00,3800,2,3533 Ross Dr
Newly rebuilt furnished 2 bed 2 bath basement suite near UBC for rent,https://vancouver.craigslist.org/van/apa/d/vancouver-newly-rebuilt-furnished-bed/7498723547.html,2022-06-23 12:55:00,3000,2,W 35th Ave near Maple
3BDR Beautiful Home w/amazing views - one bus to UBC- Wifi- SEPT - May 2023,https://vancouver.craigslist.org/van/apa/d/vancouver-3bdr-beautiful-home-amazing/7500262803.html,2022-06-23 11:13:00,4900,3,location not found
R2- 2Bdr two level unit- one bus to UBC-September- May2023,https://vancouver.craigslist.org/van/apa/d/vancouver-r2-2bdr-two-level-unit-one/7500260941.html,2022-06-23 11:10:00,3400,2,location not found
UBC New 2 bedroom  south facing Nobel Park garden,https://vancouver.craigslist.org/van/apa/d/vancouver-ubc-new-bedroom-south-facing/7500256048.html,2022-06-23 11:03:00,3900,2,location not found
UBC Wesbrook ocean view 2 bedroom 2 bath for rent,https://vancouver.craigslist.org/van/apa/d/vancouver-ubc-wesbrook-ocean-view/7496537516.html,2022-06-23 11:02:00,3800,2,location not found
WesBrook Luxury Nearly New! 3 Bed 2 Bath In UBC Campus Unfurnished),https://vancouver.craigslist.org/van/apa/d/vancouver-wesbrook-luxury-nearly-new/7496670952.html,2022-06-23 10:35:00,4500,3,location not found
"☎☎  Newly Renovated Big house, Front/Back yard, Garage UBC Campus ★",https://vancouver.craigslist.org/van/apa/d/vancouver-newly-renovated-big-house/7500239613.html,2022-06-23 10:30:00,4800,3,Knox Rd near University Blvd
"""Cambie Village"" - character - Laundry-Bright - UBC - TOP FLOOR",https://vancouver.craigslist.org/van/apa/d/vancouver-cambie-village-character/7500160810.html,2022-06-23 08:08:00,3000,1,20th avenue near cambie
UBC 5928 Birney Ave // 1bed+1bathroom for rent,https://vancouver.craigslist.org/van/apa/d/vancouver-ubc-5928-birney-ave/7491101834.html,2022-06-23 00:58:00,1600,2,Birney Ave
3 bedrooms basement near UBC,https://vancouver.craigslist.org/van/apa/d/vancouver-bedrooms-basement-near-ubc/7500057816.html,2022-06-22 22:15:00,3450,3,location not found
Near UBC - Furnished 3 bed 2 bath basement,https://vancouver.craigslist.org/van/apa/d/vancouver-near-ubc-furnished-bed-bath/7497791647.html,2022-06-22 21:25:00,3600,3,3600 West 37th Ave near Dunbar St
3 bdrm furnished garden level suite in Vancouver near UBC,https://vancouver.craigslist.org/van/apa/d/vancouver-bdrm-furnished-garden-level/7500038111.html,2022-06-22 20:10:00,3750,3,12th Avenue West near Balaclava
Rare Retreat Style Furnished 2-Bed 2-Bath Home in UBC,https://vancouver.craigslist.org/van/apa/d/vancouver-rare-retreat-style-furnished/7500023290.html,2022-06-22 19:08:00,3850,2,location not found
UBC 2 bedrooms 2 bathrooms with AC,https://vancouver.craigslist.org/van/apa/d/vancouver-ubc-bedrooms-bathrooms-with-ac/7500000177.html,2022-06-22 17:44:00,3500,2,5628 Birney ave
Furnished 2beds 2baths condo in UBC,https://vancouver.craigslist.org/bnc/apa/d/vancouver-furnished-2beds-2baths-condo/7499940704.html,2022-06-22 15:15:00,3900,2,5728 Berton Ave
UBC - FURNISHED 2 bed 1 bath basement,https://vancouver.craigslist.org/van/apa/d/vancouver-ubc-furnished-bed-bath/7497790335.html,2022-06-22 12:35:00,2500,2,west 14th Ave near Tolmie Street
UBC area - Sea view house,https://vancouver.craigslist.org/van/apa/d/vancouver-ubc-area-sea-view-house/7499846961.html,2022-06-22 11:52:00,15000,6,location not found
Spacious 3bed/2 bath VIEW Suite UBC on Pacific Spirit Park,https://vancouver.craigslist.org/van/apa/d/vancouver-spacious-3bed-bath-view-suite/7499818371.html,2022-06-22 10:59:00,3850,3,3487 Binning
UBC 5 mins. / Fully Furnished 2 bedroom suite & 1 bedroom suite / Sept,https://vancouver.craigslist.org/van/apa/d/vancouver-ubc-mins-fully-furnished/7498100157.html,2022-06-22 10:52:00,9,2,location not found
"UBC Spacious 2-Bed, 2-Bath Condo for Rent!",https://vancouver.craigslist.org/van/apa/d/vancouver-ubc-spacious-bed-bath-condo/7499811938.html,2022-06-22 10:47:00,3700,2,location not found
2 Bedroom and 2 Bath Apartment Unit at UBC!!!,https://vancouver.craigslist.org/van/apa/d/vancouver-bedroom-and-bath-apartment/7499810801.html,2022-06-22 10:45:00,3600,2,location not found
Interlink Realty -Up Level Studio of the house near UBC! Ref: 4132TU,https://vancouver.craigslist.org/van/apa/d/vancouver-interlink-realty-up-level/7497877548.html,2022-06-22 09:43:00,1500,1,Tytahun Cr
Perfect & Cozy 2 br  Lower Floor Suite in Dunbar near UBC/ Lord Byng,https://vancouver.craigslist.org/van/apa/d/vancouver-perfect-cozy-br-lower-floor/7499768517.html,2022-06-22 09:28:00,2480,2,22 ave near collingwood
Kitsilano - 1 block Kits Beach - Clean - Laundry - Central - Quiet-UBC,https://vancouver.craigslist.org/van/apa/d/vancouver-kitsilano-block-kits-beach/7499732249.html,2022-06-22 08:20:00,1800,1,york avenue near balsam
"""Cambie Village"" - character - Laundry-Bright - UBC - TOP FLOOR",https://vancouver.craigslist.org/van/apa/d/vancouver-cambie-village-character/7499729018.html,2022-06-22 08:14:00,2800,1,20th avenue near cambie
Interlink Realty- Upper 1 bedroom 1bath sea view close UBC Ref:4328P,https://vancouver.craigslist.org/van/apa/d/vancouver-interlink-realty-upper/7495475688.html,2022-06-21 20:45:00,2200,1,W Point Pl
Rare Rental Property in UBC/Point Grey/ Lord Byng/ Van West,https://vancouver.craigslist.org/van/apa/d/vancouver-rare-rental-property-in-ubc/7499593983.html,2022-06-21 19:43:00,12500,6,4754 West 2nd Avenue
"UBC campus one bed one bath furnished apartment,A/C, IVY on the park",https://vancouver.craigslist.org/van/apa/d/vancouver-ubc-campus-one-bed-one-bath/7499574685.html,2022-06-21 18:28:00,3100,1,5629 Birney Avenue
UBC 2br condo with A/C with gorgeous forest view Available July 1st !,https://vancouver.craigslist.org/van/apa/d/vancouver-ubc-2br-condo-with-c-with/7489040457.html,2022-06-21 13:20:00,3550,2,5628 Birney Ave
1 Bedroom and Den on UBC Campus,https://vancouver.craigslist.org/van/apa/d/vancouver-bedroom-and-den-on-ubc-campus/7499348215.html,2022-06-21 10:00:00,2750,2,dalhousie near Allison Rd
Attractive Comfortable Furnished One Bedroom Suite Near UBC #267,https://vancouver.craigslist.org/van/apa/d/attractive-comfortable-furnished-one/7496814182.html,2022-06-21 09:53:00,2400,1,location not found
Like New 3BR Condo at Eton of UBC,https://vancouver.craigslist.org/van/apa/d/vancouver-like-new-3br-condo-at-eton-of/7499171003.html,2022-06-20 21:05:00,4500,3,3487 BINNING ROAD near w 16th ave
Furnished 2 bedrooms and 1 washroom on Dunbar near UBC.,https://vancouver.craigslist.org/van/apa/d/vancouver-furnished-bedrooms-and/7499167941.html,2022-06-20 20:44:00,2500,2,38TH W near Dunbar
The Laureates 703 - UBC,https://vancouver.craigslist.org/van/apa/d/vancouver-the-laureates-ubc/7493577808.html,2022-06-20 18:18:00,3600,2,5628 Birney Avenue
The Laureates 112 - UBC Garden Suite,https://vancouver.craigslist.org/van/apa/d/vancouver-the-laureates-ubc-garden-suite/7497768205.html,2022-06-20 18:17:00,3600,2,5638 Birney Avenue
2nd level 1 bedroom near UBC for rent,https://vancouver.craigslist.org/bnc/apa/d/vancouver-2nd-level-bedroom-near-ubc/7499113224.html,2022-06-20 17:23:00,1300,1,Dunbar near 17th
UBC 3beds +2 baths+1den brand new condo to rent,https://vancouver.craigslist.org/van/apa/d/vancouver-ubc-3beds-baths1den-brand-new/7490254306.html,2022-06-20 14:24:00,5000,3,location not found
UBC Pacific Spirit 2 Bedroom 2 Bathroom Penthouse,https://vancouver.craigslist.org/van/apa/d/vancouver-ubc-pacific-spirit-bedroom/7486951872.html,2022-06-20 14:24:00,3800,2,5928 Birney Ave
Spacious 3 Bed + Den Condo in UBC,https://vancouver.craigslist.org/van/apa/d/vancouver-spacious-bed-den-condo-in-ubc/7498932025.html,2022-06-20 11:08:00,4200,3,location not found
3 bedroom + den highrise condo in UBC area,https://vancouver.craigslist.org/van/apa/d/vancouver-bedroom-den-highrise-condo-in/7498918466.html,2022-06-20 10:44:00,3800,3,5779 Birney Ave near Wesbrook Mall
"1029 sqft 7th-Floor UBC, Furnished + Free Internet",https://vancouver.craigslist.org/van/apa/d/vancouver-1029-sqft-7th-floor-ubc/7498891550.html,2022-06-20 09:58:00,3500,2,5657 Hampton Pl near UBC
Beautiful 2b/2b at the heart of UBC Wesbrook Village,https://vancouver.craigslist.org/van/apa/d/vancouver-beautiful-2b-2b-at-the-heart/7498715024.html,2022-06-19 21:23:00,3300,2,Birney av near Wesbrook mall
Furnished 2-Bdrm/2-Bath Condo in UBC,https://vancouver.craigslist.org/van/apa/d/west-vancouver-furnished-bdrm-bath/7498585170.html,2022-06-19 13:04:00,3200,2,University Boulevard near Wesbrook Mall
Spacious 2 Beds2 Baths Apartment Nearby UBC,https://vancouver.craigslist.org/van/apa/d/vancouver-spacious-beds2-baths/7488203158.html,2022-06-19 09:51:00,3700,2,location not found
UBC brand new big one bed room apartment month rent,https://vancouver.craigslist.org/van/apa/d/vancouver-ubc-brand-new-big-one-bed/7486075403.html,2022-06-19 01:15:00,3500,1,3533 Ross dr
2 beddroon + Den in UBC Wesbrook Village (like a 3 bedr),https://vancouver.craigslist.org/van/apa/d/vancouver-beddroon-den-in-ubc-wesbrook/7498285433.html,2022-06-18 14:31:00,3700,2,3462 ROSS DRIVE
8 bedroom House UBC Students,https://vancouver.craigslist.org/van/apa/d/vancouver-bedroom-house-ubc-students/7497942217.html,2022-06-17 17:11:00,8900,8,57th near SW Marine
Brand New 2 Bedroom 2 Bathroom Laneway House near UBC,https://vancouver.craigslist.org/van/apa/d/vancouver-brand-new-bedroom-bathroom/7497570372.html,2022-06-16 22:02:00,3200,2,location not found
2 Bedroom Bright & Spacious Suite - UBC Campus,https://vancouver.craigslist.org/van/apa/d/vancouver-bedroom-bright-spacious-suite/7497296787.html,2022-06-16 09:34:00,4000,2,6005 Walter Gage Road
"☎☎  Newly Renovated Big house, Front/Back yard, Garage UBC Campus",https://vancouver.craigslist.org/van/apa/d/vancouver-newly-renovated-big-house/7496826605.html,2022-06-15 08:20:00,4800,3,Knox Rd near University Blvd
UBC Campus 2 bed 2 bath Apartment,https://vancouver.craigslist.org/van/apa/d/vancouver-ubc-campus-bed-bath-apartment/7496168600.html,2022-06-13 15:21:00,3700,2,3487 Binning Rd
1-Bedroom Studio Condo at UBC on Wesbrook Mall for Rent,https://vancouver.craigslist.org/van/apa/d/vancouver-bedroom-studio-condo-at-ubc/7495459202.html,2022-06-11 21:41:00,2400,1,Wesbrook Mall
Renovated House in UBC,https://vancouver.craigslist.org/van/apa/d/vancouver-renovated-house-in-ubc/7495457537.html,2022-06-11 21:27:00,7000,4,5688 Chancellor Blvd
Furnished Close to UBC Two Bedroom Basement Suite,https://vancouver.craigslist.org/van/apa/d/vancouver-furnished-close-to-ubc-two/7483882812.html,2022-06-11 16:12:00,2300,2,26th Ave W near Dunbar
1B/R/1BA in 2BR/2BA; AVAILABLE IN WESBROOK VILLAGE UBC,https://vancouver.craigslist.org/van/apa/d/vancouver-1b-1ba-in-2br-2ba-available/7495064198.html,2022-06-10 22:28:00,1700,1,3478 Wesbrook Mall
"Fully furnised 2 bedroom, 3 beds at UBC 1000sf",https://vancouver.craigslist.org/van/apa/d/vancouver-fully-furnised-bedroom-beds/7482577604.html,2022-06-10 09:10:00,4800,2,birney avenue near binning
"Spacious 2 bedroom condo near UBC - Highrise, 2 parking and amenities",https://vancouver.craigslist.org/van/apa/d/vancouver-spacious-bedroom-condo-near/7494630655.html,2022-06-09 23:38:00,3200,2,Hampton Pl near w 16th
Vancouver west side near UBC 7 bedroom 3 bathroom house for rent,https://vancouver.craigslist.org/van/apa/d/vancouver-vancouver-west-side-near-ubc/7483413186.html,2022-06-08 18:10:00,1200,7,SW Marine Dr. near 41 AVE
2-Bedroom Condo at UBC on Wesbrook Mall for Rent,https://vancouver.craigslist.org/van/apa/d/vancouver-bedroom-condo-at-ubc-on/7485339638.html,2022-06-07 21:18:00,3800,2,wesbrook mall
Luxury newly built 2 Bed 2 Bath with A/C at UBC for rent,https://vancouver.craigslist.org/van/apa/d/vancouver-luxury-newly-built-bed-bath/7488740441.html,2022-06-07 13:58:00,4250,2,Shortcut Road
UBC Campus 2 bed 2 bath Apartment,https://vancouver.craigslist.org/van/apa/d/vancouver-ubc-campus-bed-bath-apartment/7493320392.html,2022-06-07 00:04:00,4000,2,location not found
Room for Rent at UBC $855 per month,https://vancouver.craigslist.org/van/apa/d/vancouver-room-for-rent-at-ubc-855-per/7493247453.html,2022-06-06 17:37:00,855,1,2550 Wesbrook Mall
UBC 1 Bed 1 Bath w Air Con,https://vancouver.craigslist.org/van/apa/d/vancouver-ubc-bed-bath-air-con/7493071343.html,2022-06-06 11:16:00,2400,1,location not found
UBC Campus Wesbrook Village High-Rise 1 Bed/1 Den,https://vancouver.craigslist.org/van/apa/d/vancouver-ubc-campus-wesbrook-village/7492097667.html,2022-06-03 23:47:00,2950,1,5728 Berton Avenue
"Room for rent for a girl in Vancopuver,near UBC",https://vancouver.craigslist.org/van/apa/d/vancouver-room-for-rent-for-girl-in/7487078288.html,2022-06-02 18:58:00,1000,2,location not found
2 Bed 2 Bath High Rise Condo on UBC Campus - Quiet and Spacious,https://vancouver.craigslist.org/van/apa/d/vancouver-bed-bath-high-rise-condo-on/7491331761.html,2022-06-02 08:11:00,3500,2,5989 Walter Gage Road near Wesbrook Mall
Wesbrook Village - UBC Ivy at the Park - 2 Bed 2 Bath- $3500,https://vancouver.craigslist.org/van/apa/d/vancouver-wesbrook-village-ubc-ivy-at/7483025557.html,2022-05-30 22:51:00,3500,2,5629 Birney Ave
UBC apartment suite for rent,https://vancouver.craigslist.org/van/apa/d/vancouver-ubc-apartment-suite-for-rent/7488836545.html,2022-05-26 21:10:00,4600,2,location not found
"Kerrisdale, UBC, Langara, 49th Avenue",https://vancouver.craigslist.org/van/apa/d/vancouver-kerrisdale-ubc-langara-49th/7479283068.html,2022-05-26 08:24:00,2500,2,location not found
UBC 2 Bedrooms + 2 Dens  Unit for Rent from July,https://vancouver.craigslist.org/van/apa/d/vancouver-ubc-bedrooms-dens-unit-for/7482165464.html,2022-05-25 22:06:00,4500,3,Mainmall near Thundbird
$2800 Dunbar / UBC area Ground Level 3 bedroom 1bathroom rental suite,https://vancouver.craigslist.org/van/apa/d/vancouver-2800-dunbar-ubc-area-ground/7488017275.html,2022-05-24 22:56:00,2800,3,location not found
"(ORCA_REF#826) 1500 sq/ft Spacious 3 bed, plus flex, 2.5 bath townhome",https://vancouver.craigslist.org/van/apa/d/north-vancouver-orcaref-sq-ft-spacious/7499607818.html,2022-06-23 22:04:00,5500,3,826 West 7th Avenue
(ORCA_REF#3263-5th)Fully Furnished 3bd+den/2.5bth home with Rooftop,https://vancouver.craigslist.org/van/apa/d/vancouver-orcaref3263-5thfully/7499607639.html,2022-06-23 22:03:00,5000,3,3263 W 5th Avenue
Gorgeous Vancouver West Unfurnished Single Detached House,https://vancouver.craigslist.org/van/apa/d/vancouver-gorgeous-vancouver-west/7500490370.html,2022-06-23 22:00:00,5250,4,location not found
850 Small garden level Bachelor,https://vancouver.craigslist.org/van/apa/d/vancouver-850-small-garden-level/7500489960.html,2022-06-23 21:57:00,850,1,location not found
MASSIVE LUXURY TOWNHOUSE CLOSE TO BEACH,https://vancouver.craigslist.org/van/apa/d/vancouver-massive-luxury-townhouse/7494133264.html,2022-06-23 21:00:00,10000,3,location not found
2 BEDROOM BASEMENT FOR RENT,https://vancouver.craigslist.org/bnc/apa/d/burnaby-bedroom-basement-for-rent/7500475997.html,2022-06-23 20:35:00,2200,2,location not found
Spacious Furnished Apartment (2 br/2bath + den),https://vancouver.craigslist.org/van/apa/d/vancouver-spacious-furnished-apartment/7500475741.html,2022-06-23 20:31:00,4200,3,location not found
2 rooms 1 bath Laneway house,https://vancouver.craigslist.org/van/apa/d/vancouver-rooms-bath-laneway-house/7498727112.html,2022-06-23 20:28:00,2150,2,location not found
Langara College 2 bed 1 bath basement suite,https://vancouver.craigslist.org/van/apa/d/vancouver-langara-college-bed-bath/7500471600.html,2022-06-23 20:11:00,2500,2,ontario street near cambie
City center view high rise furnished Apt for rent long or short,https://vancouver.craigslist.org/rch/apa/d/richmond-city-center-view-high-rise/7500469594.html,2022-06-23 20:01:00,2680,2,7080 No.3 Rd
Bright Main Floor - Three Bedroom Suite,https://vancouver.craigslist.org/van/apa/d/vancouver-bright-main-floor-three/7495825150.html,2022-06-23 19:42:00,3900,3,Cypress near Creelman
Metrotown A/C Brand new  2 Bed + 2 Bath & Den @ Metrotown Polaris,https://vancouver.craigslist.org/bnc/apa/d/burnaby-metrotown-c-brand-new-bed-bath/7500457842.html,2022-06-23 19:08:00,3300,2,Imperial Street near Dunblane Ave
"$15,000 / 6br - 4600ft2 - Dunbar 4 yrs old entire new Luxury house for",https://vancouver.craigslist.org/van/apa/d/vancouver-br-ft2-dunbar-yrs-old-entire/7496518665.html,2022-06-23 18:46:00,15000,6,location not found
West Cambie 1 bed 1 den 1 bathroom,https://vancouver.craigslist.org/rch/apa/d/richmond-west-cambie-bed-den-bathroom/7500450279.html,2022-06-23 18:38:00,2200,1,May Drive near Cambie
FANTASTIC brand new never lived in 1bd+1bth+flx+EVpkg+lkr,https://vancouver.craigslist.org/van/apa/d/vancouver-fantastic-brand-new-never/7500422597.html,2022-06-23 17:07:00,2500,1,8188 Fraser Street near SE Marine Drive
FURNISHED 2 BEDS + 2 BATHS + A/C + 1 PARKING IN VANCOUVER,https://vancouver.craigslist.org/rds/apa/d/vancouver-furnished-beds-baths-c/7500421747.html,2022-06-23 17:05:00,4500,2,1200 ALBERNI ST
PET FRIENDLY 2 BEDS + 1.5 BATHS + 2 SMALL PARKING IN NORTH VANCOUVER,https://vancouver.craigslist.org/van/apa/d/north-vancouver-pet-friendly-beds-15/7500421306.html,2022-06-23 17:04:00,3000,2,328 E 20th Street
UNFURNISHED  1 BED + DEN + A/C + 1 BATH + 1 PARKING IN VANCOUVER,https://vancouver.craigslist.org/van/apa/d/vancouver-unfurnished-bed-den-c-bath/7500420392.html,2022-06-23 17:01:00,2700,1,89 Nelson St
SEMI-FURNISHED 2 BED + SOLARIUM + 2 BATH + 1 PARKING IN VANCOUVER,https://vancouver.craigslist.org/van/apa/d/vancouver-semi-furnished-bed-solarium/7500418419.html,2022-06-23 16:55:00,4500,2,212 DAVIE ST
DWELLING ON 3RD LUXURY FURNISHED TOWNHOUSE IN KITSILANO 2 BED 2.5 BATH,https://vancouver.craigslist.org/van/apa/d/vancouver-dwelling-on-3rd-luxury/7500417213.html,2022-06-23 16:52:00,6500,2,location not found
Dunbar - 3 Bedroom and 2 Bath,https://vancouver.craigslist.org/van/apa/d/vancouver-dunbar-bedroom-and-bath/7498406159.html,2022-06-23 16:45:00,4500,3,location not found
"A/C, internet incl. Entire Apartment Unit 332 at The Residences at Nob",https://vancouver.craigslist.org/van/apa/d/vancouver-c-internet-incl-entire/7500413859.html,2022-06-23 16:42:00,3900,2,location not found
PET FRIENDLY UNFURNISHED 3 BEDS + 2.5 BATHS + 1 PARKING IN VANCOUVER,https://vancouver.craigslist.org/van/apa/d/vancouver-pet-friendly-unfurnished-beds/7500414385.html,2022-06-23 16:43:00,4000,3,1239 64TH AVE W
A/C Entire Apartment Unit 326 at The Residences at Nobel Park 3563 Ros,https://vancouver.craigslist.org/van/apa/d/vancouver-c-entire-apartment-unit-326/7500411901.html,2022-06-23 16:36:00,3900,2,location not found
"Luxurious, Almost-Brand-New 2 bedroom basement suite available Sept 1",https://vancouver.craigslist.org/van/apa/d/vancouver-luxurious-almost-brand-new/7497268557.html,2022-06-23 16:30:00,2750,2,location not found
5-Bedroom House in Quiet Neighborhood in Arbutus!!,https://vancouver.craigslist.org/van/apa/d/vancouver-bedroom-house-in-quiet/7500407852.html,2022-06-23 16:25:00,4600,5,location not found
"Furnished exec 4 bedroom, 2 office home UTILITIES & GARDENER included",https://vancouver.craigslist.org/van/apa/d/vancouver-furnished-exec-bedroom-office/7500371653.html,2022-06-23 14:54:00,7200,4,location not found
Luxury 2 bedrooms 2 bath partial furnished basement suite,https://vancouver.craigslist.org/van/apa/d/vancouver-luxury-bedrooms-bath-partial/7495801768.html,2022-06-23 14:47:00,2800,2,3638 W 36th Ave near Dunbar St
2 bedrooms 1 bathroom basement suite,https://vancouver.craigslist.org/van/apa/d/vancouver-bedrooms-bathroom-basement/7499161263.html,2022-06-23 14:47:00,2800,2,Trafaglar Street near 19th Ave W
Kitsilano-BIG-Renovated-2 levels-Laundry-Dishwasher-3 decks-1500 sqft.,https://vancouver.craigslist.org/van/apa/d/vancouver-kitsilano-big-renovated/7500360084.html,2022-06-23 14:29:00,8000,2,west 7th avenue near balsam
New Modern Furnished 2 br suite Burnaby 10mins to Vancouver executive,https://vancouver.craigslist.org/van/apa/d/burnaby-new-modern-furnished-br-suite/7500353947.html,2022-06-23 14:14:00,2395,2,location not found
Great Family house catchment in Magee Secondary,https://vancouver.craigslist.org/van/apa/d/vancouver-great-family-house-catchment/7500351851.html,2022-06-23 14:09:00,6500,5,location not found
Brand New Basement Studio in Killarney Area,https://vancouver.craigslist.org/van/apa/d/vancouver-brand-new-basement-studio-in/7500351176.html,2022-06-23 14:08:00,850,1,East 52nd Avenue near Elliott Street
Kitsilano - 2 minutes walk to beach - 2br with Balcony,https://vancouver.craigslist.org/van/apa/d/vancouver-kitsilano-minutes-walk-to/7500324353.html,2022-06-23 13:34:00,3200,2,Alma Street near West 2nd Ave
Studio + 1 Bath Unfurnished Condo in Kitsilano - Pet Friendly,https://vancouver.craigslist.org/van/apa/d/vancouver-studio-bath-unfurnished-condo/7500332834.html,2022-06-23 13:29:00,2395,1,location not found
2 Bed Laneway House For Rent in Westside,https://vancouver.craigslist.org/van/apa/d/vancouver-bed-laneway-house-for-rent-in/7500329858.html,2022-06-23 13:23:00,2800,2,near 19th ave near trafalgar
Heart of Kits - Walk Everywhere!,https://vancouver.craigslist.org/van/apa/d/vancouver-heart-of-kits-walk-everywhere/7500326113.html,2022-06-23 13:16:00,4300,2,Trafalgar near 3rd
Brand new 2 bed 2 bath in Paramount Tower  for rent,https://vancouver.craigslist.org/rch/apa/d/richmond-brand-new-bed-bath-in/7494200482.html,2022-06-23 12:55:00,3100,2,Cook near No 3
PET OK 2 BED + DEN PENTHOUSE W/ HUGE BALCONY WITH BREATH TAKING VIEWS,https://vancouver.craigslist.org/van/apa/d/vancouver-pet-ok-bed-den-penthouse-huge/7494843164.html,2022-06-23 12:45:00,3100,2,Kingsway near Rupert
Arbutus whole house for rent,https://vancouver.craigslist.org/van/apa/d/vancouver-arbutus-whole-house-for-rent/7500310313.html,2022-06-23 12:44:00,4500,2,W 22nd Ave near Vine St
greatview2bedroom2bathroom+den fairviewkits,https://vancouver.craigslist.org/van/apa/d/vancouver-greatview2bedroom2bathroomden/7492440052.html,2022-06-23 12:28:00,3290,2,West 11 th near Birch ave
"Lovely Basement Suite || Renovated & Modern || Two Bed, One Bath",https://vancouver.craigslist.org/van/apa/d/vancouver-lovely-basement-suite/7500293781.html,2022-06-23 12:11:00,2500,2,Matapan Crescent near Skeena Street
"█ ☎ █ 1 bed/1 bath Central, Quiet upper Suite",https://vancouver.craigslist.org/van/apa/d/vancouver-bed-bath-central-quiet-upper/7500270686.html,2022-06-23 12:02:00,1400,1,52nd Ave near Elliott
Classic Kitsilano & only 2 blks to Kits Pool,https://vancouver.craigslist.org/van/apa/d/vancouver-classic-kitsilano-only-blks/7500278128.html,2022-06-23 11:42:00,2050,1,2255 W. 1st Ave. near Vine St.
2 BR/1BA SUITE for RENT,https://vancouver.craigslist.org/van/apa/d/vancouver-br-1ba-suite-for-rent/7500246947.html,2022-06-23 10:44:00,2100,2,location not found
New Air Conditioned One Bedroom and Den (First Floor),https://vancouver.craigslist.org/van/apa/d/vancouver-new-air-conditioned-one/7500246083.html,2022-06-23 10:42:00,2350,1,7000 Yukon St.
1BDRM SUITE NEAR MAIN ST - EVERYTHING YOU NEED AT YOUR FINGER TIPS,https://vancouver.craigslist.org/van/apa/d/vancouver-1bdrm-suite-near-main-st/7497097616.html,2022-06-23 10:41:00,1500,1,278 East 33rd Ave
"Bright, spacious 2-Bedroom Suite in KITSILANO - Minutes to Ocean",https://vancouver.craigslist.org/van/apa/d/vancouver-bright-spacious-bedroom-suite/7497738351.html,2022-06-23 10:33:00,2460,2,W 1st Ave near Dunbar
Furnished 2-bed 2-bath Laneway Home with in-suite laundry & utilities,https://vancouver.craigslist.org/van/apa/d/vancouver-furnished-bed-bath-laneway/7499123668.html,2022-06-23 09:52:00,3150,2,location not found
Kitsilano 3 Bed 2 Bath 2 Level Laneway House,https://vancouver.craigslist.org/van/apa/d/vancouver-kitsilano-bed-bath-level/7500202738.html,2022-06-23 09:25:00,3800,3,2432 W.13th Avenue
*Pet Friendly* 2 BED available Marine Gateway,https://vancouver.craigslist.org/van/apa/d/vancouver-pet-friendly-bed-available/7500196770.html,2022-06-23 09:15:00,3200,2,location not found
"$2,450/ 1br - 602ft2 - Concrete unit w/ Balcony, Flex  Room;",https://vancouver.craigslist.org/van/apa/d/vancouver-br-602ft2-concrete-unit/7500190158.html,2022-06-23 09:03:00,2450,1,location not found
*AIR-CONDITIONED* Brand New 3br Duplex @ Vancouver Central,https://vancouver.craigslist.org/van/apa/d/vancouver-air-conditioned-brand-new-3br/7496212343.html,2022-06-23 09:01:00,4200,3,51st Ave near Victoria Dr
Oakridge like new bright basement 1bedroom for rent,https://vancouver.craigslist.org/van/apa/d/vancouver-oakridge-like-new-bright/7488200423.html,2022-06-23 08:21:00,1680,1,50th near Heather
(ORCA_REF#3501C)Stunning & Gorgeous 3Bed/3 Bath in Coal Harbour,https://vancouver.craigslist.org/van/apa/d/vancouver-orcaref3501cstunning-gorgeous/7499195022.html,2022-06-23 01:18:00,8900,3,1328 West Pender Street
3 Bedroom Upper Level House With  Large Beautiful Sun Room,https://vancouver.craigslist.org/rch/apa/d/richmond-bedroom-upper-level-house-with/7492522006.html,2022-06-23 00:08:00,2900,3,6751 Riverdale Drive near Railway and Granville
Charming and Quiet fully furnished Studio Long-Term 6 months+,https://vancouver.craigslist.org/van/apa/d/vancouver-charming-and-quiet-fully/7500063488.html,2022-06-22 23:13:00,2350,1,location not found
Furnished Modern new 2 br bedroom suite central Burnaby,https://vancouver.craigslist.org/bnc/apa/d/burnaby-furnished-modern-new-br-bedroom/7500061914.html,2022-06-22 22:55:00,2395,2,buckingham near canada way
(ORCA_REF#707F)JADE Stunning 2br/2bth boutique Condo with open concept,https://vancouver.craigslist.org/van/apa/d/vancouver-orcaref707fjade-stunning-2br/7500055258.html,2022-06-22 21:56:00,2995,2,707 East 43rd Avenue
(ORCA_REF#3650W)***Stunning 4Bed/5Bath House with a Large Roof Top,https://vancouver.craigslist.org/van/apa/d/vancouver-orcaref3650wstunning-4bed/7500054763.html,2022-06-22 21:52:00,8300,4,3650 W 19th Avenue
Micro Suite + Utilities Included! Separate Entry! Perfect for one,https://vancouver.craigslist.org/van/apa/d/vancouver-micro-suite-utilities/7500051024.html,2022-06-22 21:37:00,860,1,location not found
(ORCA_REF#1277N)***Gorgeous 2 Bed/2Bath at the Jetson,https://vancouver.craigslist.org/van/apa/d/vancouver-orcaref1277ngorgeous-bed/7499127446.html,2022-06-22 21:12:00,3400,2,1277 Nelson Street
2 BEDROOM 1 BATH AVAILABLE AT POINT GREY,https://vancouver.craigslist.org/van/apa/d/vancouver-bedroom-bath-available-at/7498941858.html,2022-06-22 20:55:00,2495,2,location not found
DWELLING ON THIRD LUXURY TOWNHOUSE VANCOUVER 2 BED +2.5 BATH + ROOFTOP,https://vancouver.craigslist.org/van/apa/d/vancouver-dwelling-on-third-luxury/7493509183.html,2022-06-22 20:46:00,6500,2,location not found
"Bright, clean and modern bsmt suite - steps from Main Street! Aug 1st",https://vancouver.craigslist.org/van/apa/d/vancouver-bright-clean-and-modern-bsmt/7500043493.html,2022-06-22 20:39:00,2600,3,44th near Main
(ORCA_REF#D)***Exquisite Luxury Home with 6 bedrooms/10bathrooms,https://vancouver.craigslist.org/van/apa/d/vancouver-orcarefdexquisite-luxury-home/7499123733.html,2022-06-22 20:19:00,35000,6,Drummond Drive
Beautiful Lower Level of House with AC,https://vancouver.craigslist.org/van/apa/d/vancouver-beautiful-lower-level-of/7500038970.html,2022-06-22 20:14:00,3350,3,location not found
(ORCA_REF#4585W)***WALK TO JERICHO BEACH! RENO'd BEAUTY***,https://vancouver.craigslist.org/van/apa/d/vancouver-orcaref4585wwalk-to-jericho/7499120401.html,2022-06-22 20:15:00,8000,4,4585 West 2nd Avenue
(ORCA_REF#711-1571)A MUST SEE Shannon Wall Residential Vancouver!! -,https://vancouver.craigslist.org/van/apa/d/vancouver-orcaref-must-see-shannon-wall/7500037726.html,2022-06-22 20:08:00,2950,2,1571 West 57th Avenue
1 bedroom,https://vancouver.craigslist.org/van/apa/d/vancouver-bedroom/7500028570.html,2022-06-22 19:26:00,2200,1,488 SW Marine Dr near Cambie
(ORCA_REF#2468E)Beautiful 2Bed/2Bath in Sought After Renfrew Heights,https://vancouver.craigslist.org/van/apa/d/vancouver-orcaref2468ebeautiful-2bed/7500018029.html,2022-06-22 18:43:00,2800,2,2468 East Broadway
"""Cambie Village"" - BIG SUITE - character - Laundry -wood floors-Bright",https://vancouver.craigslist.org/van/apa/d/vancouver-cambie-village-big-suite/7499993667.html,2022-06-22 17:23:00,2400,1,20th avenue near cambie
Point Grey house upper floor,https://vancouver.craigslist.org/van/apa/d/vancouver-point-grey-house-upper-floor/7495221360.html,2022-06-22 17:00:00,4200,2,West 7th near Trimble
2 BR Garden Level Suite,https://vancouver.craigslist.org/van/apa/d/vancouver-br-garden-level-suite/7499981240.html,2022-06-22 16:48:00,2495,2,West 31st Ave near Dunbar
well kept furnished basement 1bed/1bath for rent,https://vancouver.craigslist.org/van/apa/d/vancouver-well-kept-furnished-basement/7497738979.html,2022-06-22 16:30:00,1500,1,2749 Alamein
SW Marine Studio + Flex 1 Bath Condo w/ Balcony @ Retro Lofts,https://vancouver.craigslist.org/van/apa/d/vancouver-sw-marine-studio-flex-bath/7499953520.html,2022-06-22 15:34:00,1990,1,8988 Hudson Street near SW Marine Drive
BASEMENT SUITE (VICTORIA DRIVE),https://vancouver.craigslist.org/van/apa/d/vancouver-basement-suite-victoria-drive/7499951505.html,2022-06-22 15:29:00,1250,2,location not found
Spacious Clean Quiet 2 bed+1 bath Basement@Luxurious Elegant New House,https://vancouver.craigslist.org/bnc/apa/d/burnaby-spacious-clean-quiet-bed1-bath/7499951699.html,2022-06-22 15:29:00,2300,2,location not found
2BR Suite,https://vancouver.craigslist.org/van/apa/d/vancouver-2br-suite/7499942966.html,2022-06-22 15:08:00,1750,2,Carnarvon
"Point Grey 4 Bed House, one of the best for rent!",https://vancouver.craigslist.org/van/apa/d/vancouver-point-grey-bed-house-one-of/7499942585.html,2022-06-22 15:07:00,6000,4,location not found
"Kitsilano Concrete Building, 7th Flr, Balcony, Amazing View, Augus 1st",https://vancouver.craigslist.org/van/apa/d/vancouver-kitsilano-concrete-building/7499922314.html,2022-06-22 14:24:00,2175,1,2323 West 2nd Avenue
2 BED + DEN PENTHOUSE W/HUGE BALCONY WITH BREATH TAKING VIEWS (PET OK),https://vancouver.craigslist.org/van/apa/d/vancouver-bed-den-penthouse-huge/7497456420.html,2022-06-22 14:08:00,3100,2,Kingsway near Rupert
"Luxurious, Almost-Brand-New 2 bedroom basement suite available Sept 1.",https://vancouver.craigslist.org/van/apa/d/vancouver-luxurious-almost-brand-new/7497016656.html,2022-06-22 13:51:00,2750,2,location not found
Entire House Close to Queen Elizabeth Park For Rent,https://vancouver.craigslist.org/van/apa/d/vancouver-entire-house-close-to-queen/7499893340.html,2022-06-22 13:21:00,4000,4,location not found
CHARMING FIVE BEDROOM KITSILANO CHARACTER HOME WITH HUGE YARD,https://vancouver.craigslist.org/van/apa/d/vancouver-charming-five-bedroom/7496249984.html,2022-06-22 13:07:00,5998,5,West 15 near Dunbar
New Modern Furnished 2 br suite Burnaby 10mins to Vancouver Executive,https://vancouver.craigslist.org/van/apa/d/burnaby-new-modern-furnished-br-suite/7499883749.html,2022-06-22 13:03:00,2395,2,location not found
Kitsilano 2 minutes walk to beach - Two Bedroom (Kitsilano Vancouver),https://vancouver.craigslist.org/van/apa/d/vancouver-kitsilano-minutes-walk-to/7487779904.html,2022-06-22 12:53:00,2650,2,West 2nd Avenue near Alma Street
Extraordinary View Suite - Heat and HW incl,https://vancouver.craigslist.org/van/apa/d/vancouver-extraordinary-view-suite-heat/7498163923.html,2022-06-22 12:32:00,3580,2,1188 near Quebec
Open Concept - Three Bedroom Main Floor,https://vancouver.craigslist.org/van/apa/d/vancouver-open-concept-three-bedroom/7497144387.html,2022-06-22 11:27:00,3900,3,Cypress Street near Creelman Avenue
Southlands Spacious House,https://vancouver.craigslist.org/van/apa/d/vancouver-southlands-spacious-house/7497755952.html,2022-06-22 11:10:00,7900,5,3255 W48th near South west Marine drive
3704 W 12th Ave 3 Bdr Main Floor of house,https://vancouver.craigslist.org/van/apa/d/vancouver-3704-12th-ave-bdr-main-floor/7499823619.html,2022-06-22 11:07:00,3500,3,3704 West 12th Avenue near Alma St.
(Basement) 2BR on West King Edward Ave & Balaclava St (Vancouver West),https://vancouver.craigslist.org/van/apa/d/vancouver-basement-2br-on-west-king/7498921324.html,2022-06-22 11:00:00,2000,2,West King Edward Avenue
Beautiful Newly Renovated 1 Bedroom Available July 1st NEAR UBC,https://vancouver.craigslist.org/van/apa/d/vancouver-beautiful-newly-renovated/7487767278.html,2022-05-24 10:33:00,2500,1,4639 W 10th Avenue
Vancouver Westside 1 Bed 1 Bath Condo w/ Balcony @ Marine Gateway,https://vancouver.craigslist.org/van/apa/d/vancouver-vancouver-westside-bed-bath/7496426571.html,2022-06-22 10:50:00,2190,1,489 Interurban Way near Yukon St
"BRAND NEW 2 level laneway house with 2 bedrooms, 2 baths",https://vancouver.craigslist.org/van/apa/d/vancouver-brand-new-level-laneway-house/7496001988.html,2022-06-22 10:40:00,2750,2,location not found
1 bd PENTHOUSE,https://vancouver.craigslist.org/van/apa/d/vancouver-bd-penthouse/7488662223.html,2022-06-22 10:38:00,2800,1,1101 Harwood St
Price on request 1 Acre Luxury Fully Furnished 10 Bed+12 Bath+Pool+Spa,https://vancouver.craigslist.org/nvn/apa/d/west-vancouver-price-on-request-acre/7499795586.html,2022-06-22 10:27:00,1,8,2929 Mathers Ave
BRIGHT & Spacious 2-Bedroom Suite in KITSILANO - Minutes to Jericho,https://vancouver.craigslist.org/van/apa/d/vancouver-bright-spacious-bedroom-suite/7498166516.html,2022-06-22 10:19:00,2460,2,W 1st Ave near Dunbar St
Large 2 Bedroom Laneway House,https://vancouver.craigslist.org/van/apa/d/vancouver-large-bedroom-laneway-house/7496687132.html,2022-06-22 09:15:00,2650,2,4521 Dumfries Street near Knight Street and 30th
Beautiful 3 Bedroom Laneway Home in Killarney,https://vancouver.craigslist.org/van/apa/d/vancouver-beautiful-bedroom-laneway/7499713296.html,2022-06-22 07:43:00,2800,3,location not found
Furnished 3bedrooms at Lord Byng Secondary,https://vancouver.craigslist.org/van/apa/d/vancouver-furnished-3bedrooms-at-lord/7499636851.html,2022-06-22 02:27:00,4200,3,W15 near Wallace st
Marine Gateway Furnished 2 bedroom with Spectacular View,https://vancouver.craigslist.org/van/apa/d/vancouver-marine-gateway-furnished/7493753034.html,2022-06-22 00:34:00,3000,2,488 SW Marine Drive near SW Marine Drive
"Newer house, 3 BR Basement, Bright, High,W19",https://vancouver.craigslist.org/van/apa/d/vancouver-newer-house-br-basement/7495074782.html,2022-06-21 23:17:00,2780,3,3528 West 19 Ave near Dunbar street
"Beautiful, modern 2 bdrm + den available Aug. 1st",https://vancouver.craigslist.org/van/apa/d/vancouver-beautiful-modern-bdrm-den/7499614064.html,2022-06-21 21:32:00,2500,2,E. 5th Avenue near Nootka
15th Floor New two bedroom two full bathroom condo,https://vancouver.craigslist.org/rch/apa/d/richmond-15th-floor-new-two-bedroom-two/7499608731.html,2022-06-21 20:57:00,3200,2,7333 near Murdoch Ave
Large 3 bedroom or 2 bedroom & den/office,https://vancouver.craigslist.org/van/apa/d/vancouver-large-bedroom-or-bedroom-den/7495272335.html,2022-06-21 20:37:00,2890,3,Clarendon street near 49th Ave
Vancouver west side 4 bedrooms for rent,https://vancouver.craigslist.org/van/apa/d/vancouver-vancouver-west-side-bedrooms/7499594214.html,2022-06-21 19:44:00,4800,4,41 Ave W near SW Marine Dr
Furnished new luxury 2 bedroom Burnaby executive,https://vancouver.craigslist.org/bnc/apa/d/burnaby-furnished-new-luxury-bedroom/7499578262.html,2022-06-21 18:40:00,2395,2,buckingham near canada way
Furnished 2-bed suite with in-unit laundry and utilities,https://vancouver.craigslist.org/van/apa/d/vancouver-furnished-bed-suite-with-in/7499551155.html,2022-06-21 17:13:00,2650,2,location not found
MC2 Penthouse Furnished one bedroom condo (Marine gateway area),https://vancouver.craigslist.org/van/apa/d/vancouver-mc2-penthouse-furnished-one/7499547449.html,2022-06-21 17:02:00,2450,1,Cambie Street near SW Marine Drive
2 Bedroom Ground Floor suite,https://vancouver.craigslist.org/van/apa/d/vancouver-bedroom-ground-floor-suite/7498390118.html,2022-06-21 16:31:00,2300,2,location not found
One Bedroom Ground Floor suite,https://vancouver.craigslist.org/van/apa/d/vancouver-one-bedroom-ground-floor-suite/7498391757.html,2022-06-21 16:31:00,1700,1,location not found
basement suite for rent  2159 west king edward ave,https://vancouver.craigslist.org/van/apa/d/vancouver-basement-suite-for-rent-2159/7499536210.html,2022-06-21 16:31:00,2500,3,west king edward ave
Star of Kitsilano 3rd Floor 1 Bedroom Unfurnished Apartment For Rent,https://vancouver.craigslist.org/van/apa/d/vancouver-star-of-kitsilano-3rd-floor/7499506401.html,2022-06-21 15:15:00,2300,1,location not found
"WEST END, DOWNTOWN, VANCOUVER, ELEGANT, FURNISHED, BEDROOM, ENSUITE",https://vancouver.craigslist.org/van/apa/d/vancouver-west-end-downtown-vancouver/7495587510.html,2022-06-21 13:06:00,1595,1,1550 Comox Street near Cardero/Comox Street
Vancouver west: 5br/3.5baths upper two levels,https://vancouver.craigslist.org/van/apa/d/vancouver-vancouver-west-5br-35baths/7492640003.html,2022-06-21 12:56:00,5995,5,location not found
Vancouver west: large 3 bedrooms/2baths basement suite,https://vancouver.craigslist.org/van/apa/d/vancouver-vancouver-west-large-bedrooms/7497153228.html,2022-06-21 12:56:00,2995,2,location not found
Vancouver 1 Bedroom Condo,https://vancouver.craigslist.org/van/apa/d/vancouver-vancouver-bedroom-condo/7499412492.html,2022-06-21 12:00:00,2200,1,3218 Ontario St near 16TH Ave
"2 bdrm, 1 1/2 bath, furnished laneway house",https://vancouver.craigslist.org/van/apa/d/vancouver-bdrm-bath-furnished-laneway/7496234677.html,2022-06-21 11:38:00,2825,2,West 20 Ave near Wallace St
Spacious & Modern Corner 2 Bedroom - Arbutus Walk,https://vancouver.craigslist.org/van/apa/d/vancouver-spacious-modern-corner/7499400933.html,2022-06-21 11:37:00,4200,2,2111 West 11th Avenue near Arbutus
Executive 5 Bedroom House in Prestigious West Vancouver w/ Ocean Views,https://vancouver.craigslist.org/nvn/apa/d/west-vancouver-north-executive-bedroom/7495361409.html,2022-06-21 10:33:00,13900,5,location not found
"Kits Lovely, Large, 1 Bedroom Suite",https://vancouver.craigslist.org/van/apa/d/vancouver-kits-lovely-large-bedroom/7499352367.html,2022-06-21 10:06:00,2195,1,3825 West 4th Ave near Highbury
"Fully Furnished  Townhouse -3BR / 2.5Ba 1,825ft2",https://vancouver.craigslist.org/van/apa/d/vancouver-fully-furnished-townhouse-3br/7499348616.html,2022-06-21 09:59:00,4500,3,arbutus near W 4TH
LANGARA New 2 BED & 1 BATH with Air Conditioning!,https://vancouver.craigslist.org/rch/apa/d/vancouver-langara-new-bed-bath-with-air/7496677366.html,2022-06-21 09:59:00,2500,2,105 east 56th Avenue near Quebec Street
2 Bedroom + Den Furnished Condo w 2 Patios #928,https://vancouver.craigslist.org/van/apa/d/vancouver-bedroom-den-furnished-condo-2/7496809445.html,2022-06-21 09:53:00,4300,2,location not found
*VANCOUVER APARTMENT FOR RENT & FREE UTILITIES,https://vancouver.craigslist.org/van/apa/d/vancouver-apartment-for-rent-free/7499329884.html,2022-06-21 09:26:00,1700,1,location not found
Furnished Yaletown Condo,https://vancouver.craigslist.org/van/apa/d/vancouver-furnished-yaletown-condo/7494586347.html,2022-06-21 08:20:00,4000,2,location not found
2bed 2 bath Luxury Boutique Style Townhouse in Kitsilano West,https://vancouver.craigslist.org/van/apa/d/vancouver-2bed-bath-luxury-boutique/7499195809.html,2022-06-21 00:52:00,5850,2,West 1st. near Larch St.
Good Location 4 Bedroom for rent,https://vancouver.craigslist.org/van/apa/d/vancouver-good-location-bedroom-for-rent/7499193632.html,2022-06-21 00:13:00,3500,4,West 67 Ave near Cartier St
2 BDRM Ground Level Suite,https://vancouver.craigslist.org/van/apa/d/vancouver-bdrm-ground-level-suite/7499187923.html,2022-06-20 23:05:00,1950,2,location not found
Charming 1 Bdr. Apartment in Vancouver Shaughnessy for Aug 1 2022,https://vancouver.craigslist.org/van/apa/d/charming-bdr-apartment-in-vancouver/7499187521.html,2022-06-20 23:04:00,1945,1,location not found
Basement for rent,https://vancouver.craigslist.org/van/apa/d/vancouver-basement-for-rent/7499157939.html,2022-06-20 19:54:00,1700,2,location not found
3 Bedrooms + Den Townhouse For Rent,https://vancouver.craigslist.org/van/apa/d/vancouver-bedrooms-den-townhouse-for/7499154474.html,2022-06-20 19:40:00,5200,3,location not found
Bright & Clean Basement Suite,https://vancouver.craigslist.org/van/apa/d/vancouver-bright-clean-basement-suite/7499152300.html,2022-06-20 19:33:00,1600,2,location not found
unfurnished 2-bedroom suite available in July or August,https://vancouver.craigslist.org/van/apa/d/vancouver-unfurnished-bedroom-suite/7499119134.html,2022-06-20 17:42:00,3500,2,w 12th avenue near Arbutus St
"5586 Larch Street, Vancouver(Upstairs)",https://vancouver.craigslist.org/van/apa/d/vancouver-5586-larch-street/7499108280.html,2022-06-20 17:09:00,2900,3,Larch Street near W41st Avenue
"5562 Larch Street, Vancouver",https://vancouver.craigslist.org/van/apa/d/vancouver-5562-larch-street-vancouver/7494123239.html,2022-06-20 17:05:00,3400,3,Larch Street near W41 Avenue
Rare 3 Bedroom Townhouse near VGH,https://vancouver.craigslist.org/van/apa/d/north-vancouver-rare-bedroom-townhouse/7499106289.html,2022-06-20 17:04:00,4500,3,location not found
"5770 Oak Street (and 41st Ave W) - Available September 1, 2022",https://vancouver.craigslist.org/van/apa/d/vancouver-5770-oak-street-and-41st-ave/7499101981.html,2022-06-20 16:52:00,3650,2,location not found
Beautiful 4 Bedroom House In Vancouver!,https://vancouver.craigslist.org/van/apa/d/vancouver-beautiful-bedroom-house-in/7499086677.html,2022-06-20 16:11:00,5500,4,S.W Marine Dr
Vancouver West Kitsilano Brand New 1Bed1 Bath basement suite for Rent,https://vancouver.craigslist.org/van/apa/d/vancouver-vancouver-west-kitsilano/7499076302.html,2022-06-20 15:45:00,2150,1,"23xx W13 Ave, Vancouver, V6K 2S5"
2 BEDROOM 1 BATH BASEMENT SUITE FOR RENT IN Langara College Area,https://vancouver.craigslist.org/van/apa/d/vancouver-bedroom-bath-basement-suite/7499069753.html,2022-06-20 15:29:00,2300,2,location not found
Fully Renovated Two Bedroom Suite with View in Kerrisdale,https://vancouver.craigslist.org/van/apa/d/vancouver-fully-renovated-two-bedroom/7497049545.html,2022-06-20 15:19:00,3795,2,5455 Balsam St
Furnished Upper-two-floors of Kitsilano Home,https://vancouver.craigslist.org/van/apa/d/prince-george-furnished-upper-two/7499065957.html,2022-06-20 15:20:00,4995,3,7th Avenue near Waterloo Street
Dunbar Guest House - One Bedroom Laneway House,https://vancouver.craigslist.org/van/apa/d/vancouver-dunbar-guest-house-one/7499039342.html,2022-06-20 14:23:00,4000,1,location not found
BRENTWOOD- BRAND NEW PENTHOUSE - 1300+ SQFT - 2 BED,https://vancouver.craigslist.org/bnc/apa/d/burnaby-brentwood-brand-new-penthouse/7499014466.html,2022-06-20 13:34:00,5450,2,location not found
BRENTWOOD- BRAND NEW PENTHOUSE - 1800+ SQFT - 2 BED,https://vancouver.craigslist.org/bnc/apa/d/burnaby-brentwood-brand-new-penthouse/7499009910.html,2022-06-20 13:25:00,6995,2,location not found
BRENTWOOD- BRAND NEW PENTHOUSE - 1500+ SQFT - 2 BED,https://vancouver.craigslist.org/bnc/apa/d/burnaby-brentwood-brand-new-penthouse/7499001703.html,2022-06-20 13:10:00,5350,2,location not found
1 BR + bonus room basement suite in Arbutus Ridge,https://vancouver.craigslist.org/van/apa/d/vancouver-br-bonus-room-basement-suite/7499002279.html,2022-06-20 13:11:00,1800,1,3072 West 19th Ave
Spectrum | Modern Furnished 1 Bed +Den + Balcony + Location! #27509,https://vancouver.craigslist.org/van/apa/d/vancouver-spectrum-modern-furnished-bed/7497432440.html,2022-06-20 13:02:00,2500,1,111 W Georgia Street
BRENTWOOD- BRAND NEW PENTHOUSE - 1600+ Sqft 2Bed/2 Bath,https://vancouver.craigslist.org/bnc/apa/d/burnaby-brentwood-brand-new-penthouse/7498995617.html,2022-06-20 13:00:00,5450,2,location not found
Furnished Well-Maintained 1 Bed 1 Bath Laneway House,https://vancouver.craigslist.org/van/apa/d/vancouver-furnished-well-maintained-bed/7488749897.html,2022-06-20 12:52:00,1950,1,location not found
BRENTWOOD- BRAND NEW TOWN HOUSE - 1500+ Sqft 3Bed,https://vancouver.craigslist.org/bnc/apa/d/burnaby-brentwood-brand-new-town-house/7498986062.html,2022-06-20 12:42:00,3950,3,location not found
3 Bedroom 2 Bathroom Basement Suite - Cypress x 45th Available Sept 1,https://vancouver.craigslist.org/van/apa/d/vancouver-bedroom-bathroom-basement/7498980408.html,2022-06-20 12:32:00,2800,3,Cypress near 35th
Well Maintained 7 Bedroom Family House in Mackenzie Heights,https://vancouver.craigslist.org/van/apa/d/vancouver-well-maintained-bedroom/7494867047.html,2022-06-20 12:13:00,7500,7,2903 W28th Ave
Kitsilano High-end Lovely Furnished Townhouse with 3 Parking Spots,https://vancouver.craigslist.org/van/apa/d/vancouver-kitsilano-high-end-lovely/7498962090.html,2022-06-20 12:00:00,12495,3,location not found
2BR+den Suite @ Max I - 31st floor w/Great View - Avail July 6th,https://vancouver.craigslist.org/van/apa/d/vancouver-2brden-suite-max-31st-floor/7498959008.html,2022-06-20 11:55:00,3350,2,location not found
"2 Bdrm Condo, 4th Floor 2483 Yew Street @ Broadway",https://vancouver.craigslist.org/van/apa/d/vancouver-bdrm-condo-4th-floor-2483-yew/7498951203.html,2022-06-20 11:41:00,3200,2,Yew Street near Broadway
2 bedroom 2688 West Mall - Promontory,https://vancouver.craigslist.org/van/apa/d/vancouver-bedroom-2688-west-mall/7498946384.html,2022-06-20 11:33:00,3100,2,2688 West Mall near Marine Drive
A/C avail. Renovated FURNISHED top floor at W 67th Ave,https://vancouver.craigslist.org/van/apa/d/vancouver-c-avail-renovated-furnished/7496543470.html,2022-06-20 10:26:00,3795,3,location not found
A/C Entire 3BR Apartment Unit 1310 at Eton 3487 Binning Rd,https://vancouver.craigslist.org/van/apa/d/vancouver-c-entire-3br-apartment-unit/7496716262.html,2022-06-20 10:26:00,4500,3,location not found
A/C Entire Apartment Unit 410 at Eton by Polygon 5687 Gray Ave,https://vancouver.craigslist.org/van/apa/d/vancouver-c-entire-apartment-unit-410/7496715753.html,2022-06-20 10:26:00,3800,2,location not found
A/C Entire Apartment Unit 2308 at The Laureates 5628 Birney Ave,https://vancouver.craigslist.org/van/apa/d/vancouver-c-entire-apartment-unit-2308/7496715025.html,2022-06-20 10:26:00,3800,2,location not found
A/C Luxurious Custom Built House at W 27th Ave,https://vancouver.craigslist.org/van/apa/d/vancouver-c-luxurious-custom-built/7494932359.html,2022-06-20 10:26:00,15000,6,location not found
PRICE DROP - Ground floor suite at 3455 E 28th Ave,https://vancouver.craigslist.org/van/apa/d/vancouver-price-drop-ground-floor-suite/7490263994.html,2022-06-20 10:27:00,2150,2,location not found
Kerrisdale 3 bedroom apartment with 2 patios,https://vancouver.craigslist.org/van/apa/d/vancouver-kerrisdale-bedroom-apartment/7498898427.html,2022-06-20 10:09:00,3800,3,location not found
Furnished House for Rent - 2 Bed 1.5 Bath with Office Area,https://vancouver.craigslist.org/van/apa/d/vancouver-furnished-house-for-rent-bed/7493541414.html,2022-06-20 09:45:00,6495,2,location not found
Central 2 Bedroom Suite Across Park,https://vancouver.craigslist.org/van/apa/d/vancouver-central-bedroom-suite-across/7498820979.html,2022-06-20 08:05:00,1980,2,location not found
Three bedroom main floor house for rent,https://vancouver.craigslist.org/van/apa/d/vancouver-three-bedroom-main-floor/7496461527.html,2022-06-20 07:39:00,3450,3,location not found
Vancouver Unfurnished Apartment for Rent 1 bedroom + flex + views,https://vancouver.craigslist.org/van/apa/d/vancouver-vancouver-unfurnished/7498731519.html,2022-06-20 00:30:00,2800,1,location not found
Beautiful and Spacious 2BD/1BTH Garden Suite Avail August 1st,https://vancouver.craigslist.org/van/apa/d/vancouver-beautiful-and-spacious-2bd/7498730209.html,2022-06-20 00:08:00,2100,2,4231 Beatrice Street
"KITSILANO - 2BDRM NEWLY RENO. APARTMENT, PET FDLY, NEW APPLIANCES",https://vancouver.craigslist.org/van/apa/d/vancouver-kitsilano-2bdrm-newly-reno/7498724248.html,2022-06-19 23:40:00,2880,2,2272 W. 7th Avenue
Ocean & City View 2 Bed 2.5 Bath on 61F,https://vancouver.craigslist.org/van/apa/d/vancouver-ocean-city-view-bed-25-bath/7494608728.html,2022-06-19 22:19:00,6500,2,location not found
VIEW! 2 Bed + 2 Bath + Super Amenities!,https://vancouver.craigslist.org/van/apa/d/vancouver-view-bed-bath-super-amenities/7498716681.html,2022-06-19 21:36:00,3600,2,1372 Seymour Street
Bachelor suite (rented),https://vancouver.craigslist.org/van/apa/d/vancouver-bachelor-suite-rented/7498678956.html,2022-06-19 18:14:00,1000,1,location not found
1 bed 1 den laneway house within Point Grey catchment,https://vancouver.craigslist.org/van/apa/d/vancouver-bed-den-laneway-house-within/7498673450.html,2022-06-19 17:51:00,1980,1,location not found
Beautiful house with 5 bedrooms in Churchill catchment,https://vancouver.craigslist.org/van/apa/d/vancouver-beautiful-house-with-bedrooms/7494123483.html,2022-06-19 17:44:00,5780,5,location not found
One bedroom 400 sqft Kitsilano newly renovated suite,https://vancouver.craigslist.org/van/apa/d/vancouver-one-bedroom-400-sqft/7498663842.html,2022-06-19 17:13:00,1750,1,location not found
"Furnished 1 BR 1 Bath condo  in Fairview area, close to VGH",https://vancouver.craigslist.org/van/apa/d/vancouver-furnished-br-bath-condo-in/7491132469.html,2022-06-19 16:48:00,2500,1,location not found
Brand New 3 Bedrooms Laneway House Available in Kitsilano,https://vancouver.craigslist.org/van/apa/d/vancouver-brand-new-bedrooms-laneway/7493751309.html,2022-06-19 16:20:00,3800,3,West 13th Avenue near Balsam Street
Kitsilano three bedroom garden basement suite,https://vancouver.craigslist.org/van/apa/d/vancouver-kitsilano-three-bedroom/7498647034.html,2022-06-19 16:13:00,3300,3,West 2nd near Trutch
2 BEDROOOM 1 BATH - GREAT LOCATION JOYCE COLLINGWOOD,https://vancouver.craigslist.org/van/apa/d/vancouver-bedrooom-bath-great-location/7498637611.html,2022-06-19 15:41:00,1800,2,location not found
BRAND NEW 1bed+1bath+1parking concrete condo in Vancouver West,https://vancouver.craigslist.org/van/apa/d/vancouver-brand-new-1bed1bath1parking/7498634989.html,2022-06-19 15:32:00,2300,1,location not found
FURNISHD SPACIOUS ONE BED ROOM BASEMENT of House,https://vancouver.craigslist.org/van/apa/d/vancouver-furnishd-spacious-one-bed/7486492013.html,2022-06-19 13:41:00,1850,1,location not found
180 degree ocean view house for rent Good school district,https://vancouver.craigslist.org/nvn/apa/d/west-vancouver-south-180-degree-ocean/7498596693.html,2022-06-19 13:33:00,4800,5,westmount
"Suite in Dunbar $1,925/ 1 br + den-  garden level suite",https://vancouver.craigslist.org/van/apa/d/vancouver-suite-in-dunbar-br-den-garden/7492614866.html,2022-06-19 13:21:00,1925,1,location not found
2 Bedroom 2 Bathroom Townhouse for Rent!!!!!,https://vancouver.craigslist.org/van/apa/d/vancouver-bedroom-bathroom-townhouse/7498581507.html,2022-06-19 12:51:00,3200,2,location not found
Furnished 1 Bedroom + Den Condo in Kitsilano for Rent,https://vancouver.craigslist.org/van/apa/d/vancouver-furnished-bedroom-den-condo/7498570242.html,2022-06-19 12:20:00,2400,1,location not found
Renovated 725 sqft 2BR with in-suite laundry and transit (#41/#2),https://vancouver.craigslist.org/van/apa/d/renovated-725-sqft-2br-with-in-suite/7498528975.html,2022-06-19 10:30:00,1850,2,location not found
"Amazing 2 Bedroom, 2 Bathroom with Stunning Views and a Perfect Layout",https://vancouver.craigslist.org/van/apa/d/vancouver-amazing-bedroom-bathroom-with/7494147344.html,2022-06-19 09:50:00,7495,2,location not found
Fully Furnished 1 Bedroom Suite in Restored Heritage Home #444,https://vancouver.craigslist.org/van/apa/d/vancouver-fully-furnished-bedroom-suite/7488502053.html,2022-06-19 08:58:00,3099,1,location not found
Furnished Studio Apartment for Rent in Kitsilano #446,https://vancouver.craigslist.org/van/apa/d/vancouver-furnished-studio-apartment/7493857183.html,2022-06-19 08:58:00,2495,1,location not found
Well-Appointed Furnished Apartment Suite for Rent in Kitsilano #443,https://vancouver.craigslist.org/van/apa/d/vancouver-well-appointed-furnished/7493851839.html,2022-06-19 08:57:00,3049,1,location not found
Furnished Studio Apartment for Rent in Kitsilano #441,https://vancouver.craigslist.org/van/apa/d/vancouver-furnished-studio-apartment/7497698375.html,2022-06-19 08:56:00,2795,1,location not found
Beautifully Furnished 2 Bedroom 2 Bathroom Laneway Home #816,https://vancouver.craigslist.org/van/apa/d/vancouver-beautifully-furnished-bedroom/7496810763.html,2022-06-19 08:56:00,3650,2,location not found
One bedroom&Den Kerrisdale,https://vancouver.craigslist.org/van/apa/d/vancouver-one-bedroomden-kerrisdale/7498490630.html,2022-06-19 08:48:00,2150,1,location not found
bedroom two full bathroom close to Richmond Center (RICHMOND),https://vancouver.craigslist.org/rch/apa/d/richmond-west-bedroom-two-full-bathroom/7498410380.html,2022-06-19 00:43:00,3000,2,location not found
$1900 - Large 1 bedroom basement suite with private entrance,https://vancouver.craigslist.org/van/apa/d/vancouver-large-bedroom-basement-suite/7498401613.html,2022-06-18 22:36:00,1900,1,location not found
BRENTWOOD- BRAND NEW PENTHOUSE - 1900+ Sqft 3Bed/3 Bath,https://vancouver.craigslist.org/bnc/apa/d/burnaby-brentwood-brand-new-penthouse/7498357686.html,2022-06-18 18:05:00,7000,3,location not found
BRENTWOOD- BRAND NEW PENTHOUSE - 2000+ Sqft 3Bed/3 Bath,https://vancouver.craigslist.org/bnc/apa/d/burnaby-brentwood-brand-new-penthouse/7498347509.html,2022-06-18 17:26:00,9950,3,2311 BETA AVE
Stunning Views from Furnished 2bd in Dunbar,https://vancouver.craigslist.org/van/apa/d/vancouver-stunning-views-from-furnished/7498332078.html,2022-06-18 16:35:00,3390,2,3363 W16th Ave near Alma
"3 bed, furnished, bright Garden Suite. Pet Friendly!",https://vancouver.craigslist.org/van/apa/d/vancouver-bed-furnished-bright-garden/7486608844.html,2022-06-18 14:19:00,4000,3,Nanton Ave near Cypress
New Furnished modern 2 br suite Burnaby 10mins to Vancouver Executive,https://vancouver.craigslist.org/van/apa/d/burnaby-new-furnished-modern-br-suite/7498277054.html,2022-06-18 13:58:00,2395,2,location not found
2 bedroom rental - ground level,https://vancouver.craigslist.org/van/apa/d/vancouver-bedroom-rental-ground-level/7498231003.html,2022-06-18 12:13:00,2300,2,location not found
1 bedroom rental - ground level,https://vancouver.craigslist.org/van/apa/d/vancouver-bedroom-rental-ground-level/7498229570.html,2022-06-18 12:10:00,1700,1,location not found
Beautiful Fully Renovated 5-Bedroom House in Point Grey,https://vancouver.craigslist.org/van/apa/d/vancouver-beautiful-fully-renovated/7498220159.html,2022-06-18 11:51:00,5900,5,location not found
Fully Renovated Walk Out 2-Bedroom Basement Suite Point Grey (Vancouve,https://vancouver.craigslist.org/van/apa/d/vancouver-fully-renovated-walk-out/7498216678.html,2022-06-18 11:44:00,2650,2,location not found
Fully Renovated Walk Out 2-Bedroom Basement Suite Point Grey,https://vancouver.craigslist.org/van/apa/d/vancouver-fully-renovated-walk-out/7496758923.html,2022-06-18 11:41:00,2650,2,location not found
"Beautiful Fully Renovated 5-Bedroom House in Point Grey, Vancouver; Cl",https://vancouver.craigslist.org/van/apa/d/vancouver-beautiful-fully-renovated/7496814198.html,2022-06-18 11:41:00,5900,5,location not found
New 2BR furnished bsmt suite in Cambie Village,https://vancouver.craigslist.org/van/apa/d/vancouver-new-2br-furnished-bsmt-suite/7486913614.html,2022-06-18 11:24:00,3200,2,location not found
"Luxurious Basement Suite NEW! 1 BR, 2 BATH Vancouver Westside",https://vancouver.craigslist.org/van/apa/d/vancouver-luxurious-basement-suite-new/7498182102.html,2022-06-18 10:33:00,2095,1,2278 w 33rd avenue near vine street
"$2,900 / 1br - 750ft2 - KITS 360 - 1777 W 7TH AVE 1br/1ba furnished",https://vancouver.craigslist.org/van/apa/d/vancouver-br-750ft2-kits-7th-ave-1br/7498132114.html,2022-06-18 08:57:00,2900,1,location not found
Fully furnished 1 Bed 1 Bath Apartment,https://vancouver.craigslist.org/van/apa/d/vancouver-fully-furnished-bed-bath/7498016838.html,2022-06-17 23:21:00,2800,1,Seymour near West Hasting
1 Bedroom Suite @ Hastings Sunrise,https://vancouver.craigslist.org/van/apa/d/vancouver-bedroom-suite-hastings-sunrise/7498013232.html,2022-06-17 22:47:00,1650,1,McGill
"High Floor Bright Studio, City View - unfurnished",https://vancouver.craigslist.org/van/apa/d/vancouver-high-floor-bright-studio-city/7498010910.html,2022-06-17 22:21:00,2200,1,1188 Richards Street near Davie Street
Rental for Spacious Richmond Townhouse 4BED4BATH,https://vancouver.craigslist.org/rch/apa/d/richmond-west-rental-for-spacious/7498008038.html,2022-06-17 22:08:00,4200,4,location not found
Spacious loft apt on Broadway near Cambie,https://vancouver.craigslist.org/van/apa/d/vancouver-spacious-loft-apt-on-broadway/7498001895.html,2022-06-17 21:10:00,2200,1,location not found
KITS 360 - 1777 W 7TH AVE 1br furnished - $2900,https://vancouver.craigslist.org/van/apa/d/vancouver-kits-7th-ave-1br-furnished/7497886326.html,2022-06-17 14:49:00,2900,1,1777 West 7th Avenue
Downtown Vancouver - Electric Avenue,https://vancouver.craigslist.org/van/apa/d/vancouver-downtown-vancouver-electric/7497841299.html,2022-06-17 13:13:00,3500,2,933 hornby near smithe
Furnished 1 Bedroom VGH Area,https://vancouver.craigslist.org/van/apa/d/vancouver-furnished-bedroom-vgh-area/7497813101.html,2022-06-17 12:19:00,2500,1,1068 West Broadway near Oak Street
BASEMENT FOR RENT,https://vancouver.craigslist.org/bnc/apa/d/vancouver-basement-for-rent/7489196013.html,2022-06-17 10:58:00,2200,2,location not found
KITSILANO BRIGHT BEAUTIFUL QUIET CUSTOM BUILT FURNISHED GARDEN SUITE,https://vancouver.craigslist.org/van/apa/d/vancouver-kitsilano-bright-beautiful/7488256284.html,2022-06-17 10:11:00,3800,2,location not found
2 bedroom unfurnished suite in Kits,https://vancouver.craigslist.org/van/apa/d/vancouver-bedroom-unfurnished-suite-in/7497691268.html,2022-06-17 08:37:00,2000,2,location not found
2 Bed / 2 Bath / 2 Parking Spots  (UNFURNISHED),https://vancouver.craigslist.org/van/apa/d/vancouver-bed-bath-parking-spots/7497577193.html,2022-06-16 23:10:00,3300,2,Kingsway near Sophia
Spacious loft apt @ Mount Pleasant near Cambie,https://vancouver.craigslist.org/van/apa/d/vancouver-spacious-loft-apt-mount/7497569737.html,2022-06-16 21:57:00,2200,1,Broadway near Ontario
Luxury Executive Family Home in a Safe & Vibrant Area,https://vancouver.craigslist.org/van/apa/d/vancouver-luxury-executive-family-home/7497496781.html,2022-06-16 16:52:00,10000,5,location not found
"Big View Suite, EV charge, 1000+ sqft. Heat, HW incl",https://vancouver.craigslist.org/van/apa/d/vancouver-big-view-suite-ev-charge-1000/7497479450.html,2022-06-16 16:19:00,3590,2,1188 Quebec near Terminal
1 bedroom basement for rent,https://vancouver.craigslist.org/van/apa/d/vancouver-bedroom-basement-for-rent/7497448041.html,2022-06-16 14:41:00,1550,1,location not found
Groud level One Bedroom Suit,https://vancouver.craigslist.org/van/apa/d/vancouver-groud-level-one-bedroom-suit/7497410318.html,2022-06-16 13:16:00,1600,1,35xx near W 22nd Ave
Two years old laneway house for rent,https://vancouver.craigslist.org/van/apa/d/vancouver-two-years-old-laneway-house/7497331755.html,2022-06-16 10:51:00,2100,2,ross near 63 ave e
3 Bed 1 Bath - Upper Floor House @ South Granville/ Marpole area,https://vancouver.craigslist.org/van/apa/d/vancouver-bed-bath-upper-floor-house/7497162144.html,2022-06-16 00:49:00,2900,3,location not found
Vancouver 1 bedroom apartment,https://vancouver.craigslist.org/bnc/apa/d/vancouver-vancouver-bedroom-apartment/7488394540.html,2022-06-15 22:41:00,1425,1,E. 41st Ave near Knight Street
Well maintained house in prestigious South Granville,https://vancouver.craigslist.org/van/apa/d/vancouver-well-maintained-house-in/7497137925.html,2022-06-15 20:58:00,7990,6,1080 W 47th Ave near Oak St
SUMPTUOUS HIGH END SUITE - PRIVATE ENTRANCE,https://vancouver.craigslist.org/van/apa/d/vancouver-sumptuous-high-end-suite/7497129752.html,2022-06-15 20:12:00,1750,1,location not found
Beautiful Oceanview Home for Rent,https://vancouver.craigslist.org/nvn/apa/d/bowen-island-beautiful-oceanview-home/7497021361.html,2022-06-15 14:37:00,4000,3,valhalla
3 br 2 bth House for rent South Granville UBC,https://vancouver.craigslist.org/van/apa/d/vancouver-br-bth-house-for-rent-south/7481712195.html,2022-05-21 23:43:00,4000,3,location not found
2-bedroom suite for rent,https://vancouver.craigslist.org/van/apa/d/vancouver-bedroom-suite-for-rent/7496699247.html,2022-06-14 20:33:00,2000,2,location not found
Stunning Practical Furnished 1Bd w/Specutacular View at Station Square,https://vancouver.craigslist.org/bnc/apa/d/burnaby-stunning-practical-furnished/7496671423.html,2022-06-14 20:08:00,2350,1,6080 McKay Avenue
2 Large Bedrooms - Laneway Home,https://vancouver.craigslist.org/van/apa/d/vancouver-large-bedrooms-laneway-home/7496685006.html,2022-06-14 19:05:00,2650,2,4521 Dumfries Street near Knight Street
Two bedroom furnished apartment steps from Kitsilano Beach & shops,https://vancouver.craigslist.org/van/apa/d/vancouver-two-bedroom-furnished/7496675290.html,2022-06-14 18:29:00,1800,2,West 5th AV near Balsam
"1 bdrm, wifi & utilities included. 1 Pet OK. (SERIOUS INTEREST ONLY)",https://vancouver.craigslist.org/van/apa/d/vancouver-bdrm-wifi-utilities-included/7496615186.html,2022-06-14 15:51:00,1400,1,location not found
One bedroom in a shared 3 bedrooms basement for rent,https://vancouver.craigslist.org/van/apa/d/vancouver-one-bedroom-in-shared/7491204798.html,2022-06-14 14:39:00,900,1,8386 Adera St near W 68th
Short term: 1 bedrooms are available in a four bdrm suite upper level,https://vancouver.craigslist.org/van/apa/d/vancouver-short-term-bedrooms-are/7485237093.html,2022-06-14 11:50:00,1500,1,location not found
3 bedroom upper level house in Arbutus Area,https://vancouver.craigslist.org/van/apa/d/vancouver-bedroom-upper-level-house-in/7489119591.html,2022-06-14 10:48:00,3000,3,22nd Avenue near MacDonald Street
Best location- 2 bedroom and den,https://vancouver.craigslist.org/van/apa/d/vancouver-best-location-bedroom-and-den/7493502900.html,2022-06-14 10:46:00,2100,2,location not found
Furnished Executive 6 Bedroom House Located in Shaughnessy for Rent,https://vancouver.craigslist.org/van/apa/d/vancouver-furnished-executive-bedroom/7496471733.html,2022-06-14 10:45:00,13900,6,location not found
"High floor suite in Olympic Village, only 6 y old",https://vancouver.craigslist.org/van/apa/d/vancouver-high-floor-suite-in-olympic/7496279519.html,2022-06-13 21:55:00,2650,1,1788 ontario street near 2nd avenue
1br 600 sqft - *Coach House for Rent - Langara / Main St,https://vancouver.craigslist.org/van/apa/d/vancouver-1br-600-sqft-coach-house-for/7484669991.html,2022-06-13 20:54:00,1700,1,location not found
[NextGen PM] 2BDR + Den Corner Unit at ELEMENTS,https://vancouver.craigslist.org/van/apa/d/vancouver-nextgen-pm-2bdr-den-corner/7496264943.html,2022-06-13 20:26:00,3300,2,2515 Ontario Street
"New Large, Bright 2 bedroom, 2 bathroom Laneway",https://vancouver.craigslist.org/van/apa/d/vancouver-new-large-bright-bedroom/7494772300.html,2022-06-13 20:11:00,2600,2,location not found
Amazing 2 bed / 1 bath 900sqft Laneway house,https://vancouver.craigslist.org/van/apa/d/vancouver-amazing-bed-bath-900sqft/7489012196.html,2022-06-13 18:30:00,3500,2,location not found
Spacious Clean Quiet 2 bed+1 bath Basement@Exquisite Elegant New House,https://vancouver.craigslist.org/bnc/apa/d/burnaby-spacious-clean-quiet-bed1-bath/7496220970.html,2022-06-13 17:37:00,2300,2,location not found
2 bdr-2 bath My Beautifully Renovated FURNISHED Home in Kits,https://vancouver.craigslist.org/van/apa/d/vancouver-bdr-bath-my-beautifully/7496140226.html,2022-06-13 14:30:00,4250,2,West 4th Avenue near Balaclava
Brand new 2 bedroom basement,https://vancouver.craigslist.org/van/apa/d/vancouver-brand-new-bedroom-basement/7483783045.html,2022-06-13 13:53:00,3000,2,4688 W 4th Ave
Large New One Bedroom suite at West Point Grey walk to W broadway shopping & BUS,https://vancouver.craigslist.org/nvn/apa/d/vancouver-large-new-one-bedroom-suite/7491400506.html,2022-06-13 13:17:00,2500,1,location not found
3 BED 2 BATH - Furnished Apartment,https://vancouver.craigslist.org/van/apa/d/vancouver-bed-bath-furnished-apartment/7495843521.html,2022-06-13 01:20:00,4600,3,5779 Birney Ave
2 bedroom Beautiful  Laneway Killarney,https://vancouver.craigslist.org/van/apa/d/vancouver-bedroom-beautiful-laneway/7495838353.html,2022-06-12 23:46:00,1900,2,location not found
3 Beds 1 1/2 Bath House,https://vancouver.craigslist.org/van/apa/d/vancouver-beds-bath-house/7495792566.html,2022-06-12 18:42:00,4800,3,West 22nd near Manitoba
UNFURNISHED 2 BDRM APT FOR RENT - CENTRAL KITSILANO,https://vancouver.craigslist.org/van/apa/d/vancouver-unfurnished-bdrm-apt-for-rent/7494521410.html,2022-06-12 11:42:00,2600,2,3285 West 4th Ave near Blenheim St
Spacious studio in Kits 360,https://vancouver.craigslist.org/van/apa/d/vancouver-spacious-studio-in-kits-360/7493016417.html,2022-06-12 11:13:00,1800,1,Burrard near 7th Ave w
1 Bed Rm + den luxury apartment for rent,https://vancouver.craigslist.org/van/apa/d/vancouver-bed-rm-den-luxury-apartment/7495619663.html,2022-06-12 10:58:00,2600,1,Cambie near 41Ave
New laneway house for rent,https://vancouver.craigslist.org/van/apa/d/vancouver-new-laneway-house-for-rent/7495544730.html,2022-06-12 08:05:00,2300,2,location not found
2 BR Basement Suit in Vancouver Point Grey. UBC,https://vancouver.craigslist.org/van/apa/d/vancouver-br-basement-suit-in-vancouver/7474695505.html,2022-05-21 00:21:00,2700,2,location not found
2 bedroom 1 bath garden suite for September 1 Kits/Shaughnessy,https://vancouver.craigslist.org/van/apa/d/vancouver-bedroom-bath-garden-suite-for/7495449499.html,2022-06-11 20:31:00,2745,2,location not found
- Newly Renovated Bright Spacious Two Bedroom Kitsilano Ap,https://vancouver.craigslist.org/van/apa/d/vancouver-newly-renovated-bright/7484562467.html,2022-06-11 10:05:00,2800,2,West 2nd Avenue near Alma Street
Attractive Furnished Garden Level Suite,https://vancouver.craigslist.org/van/apa/d/vancouver-attractive-furnished-garden/7495187153.html,2022-06-11 09:00:00,1700,1,location not found
Entire Apartment at Ivy on the Park 5629 Birney Ave,https://vancouver.craigslist.org/van/apa/d/vancouver-entire-apartment-at-ivy-on/7485418528.html,2022-06-10 13:19:00,3500,2,location not found
Garden view 2 Bedroom Vancouver Centrally Located,https://vancouver.craigslist.org/van/apa/d/vancouver-garden-view-bedroom-vancouver/7489861092.html,2022-06-10 07:45:00,1680,2,location not found
2 Bedroom 1 Bath Apartment for long term lease,https://vancouver.craigslist.org/van/apa/d/vancouver-bedroom-bath-apartment-for/7483455866.html,2022-06-08 23:37:00,2200,2,location not found
Vancouver west side 3 bedroom 1 bathroom housing for rent,https://vancouver.craigslist.org/van/apa/d/vancouver-vancouver-west-side-bedroom/7483415782.html,2022-06-08 18:11:00,3900,3,Dunbar St. near 41 Ave
Laneway house for rent,https://vancouver.craigslist.org/van/apa/d/vancouver-laneway-house-for-rent/7494133149.html,2022-06-08 17:46:00,2300,2,Dumfries street near 43th avenue
1 bedroom 1 bathroom house rental (garden level),https://vancouver.craigslist.org/van/apa/d/vancouver-bedroom-bathroom-house-rental/7494098305.html,2022-06-08 16:07:00,1700,1,location not found
4 bdrm with 3 bathroom house $4850 /month,https://vancouver.craigslist.org/van/apa/d/vancouver-bdrm-with-bathroom-house-4850/7493757230.html,2022-06-07 23:13:00,4850,4,Blenheim street near West 13
"Beautiful Kitsilano Basement Suite [3 Bedroom + 1 Bath] 1,050 SF",https://vancouver.craigslist.org/van/apa/d/vancouver-beautiful-kitsilano-basement/7493750165.html,2022-06-07 22:09:00,3000,3,location not found
SUMPTUOUS HIGH END SUITE,https://vancouver.craigslist.org/van/apa/d/vancouver-sumptuous-high-end-suite/7493743218.html,2022-06-07 21:16:00,1750,1,location not found
**Large 3 Bedroom 2 Full Bathrooms with Patio**,https://vancouver.craigslist.org/van/apa/d/vancouver-large-bedroom-full-bathrooms/7493668194.html,2022-06-07 16:33:00,3250,3,5505 Oak St.
Beautiful 2 bedroom and 2 bathroom,https://vancouver.craigslist.org/van/apa/d/vancouver-beautiful-bedroom-and-bathroom/7493498867.html,2022-06-07 10:39:00,1600,2,location not found
Short-Term Rental | Furnished House with EVERYTHING! Water+Mountain,https://vancouver.craigslist.org/nvn/apa/d/britannia-beach-short-term-rental/7481638788.html,2022-06-07 10:24:00,16500,2,747 Mineral Creek Crescent
Furnished Apartment For Rent,https://vancouver.craigslist.org/van/apa/d/vancouver-furnished-apartment-for-rent/7493143643.html,2022-06-06 13:32:00,2900,1,location not found
Large 2 Bedroom Garden Suite Minutes To Downtown-NOW,https://vancouver.craigslist.org/van/apa/d/vancouver-large-bedroom-garden-suite/7493052928.html,2022-06-06 11:01:00,1895,2,location not found
Kits Two Year Old Basement Suite For Rent,https://vancouver.craigslist.org/van/apa/d/vancouver-kits-two-year-old-basement/7492866864.html,2022-06-06 00:45:00,3000,2,Waterloo Street near 12 Ave
1BR Marpole,https://vancouver.craigslist.org/van/apa/d/vancouver-1br-marpole/7492784526.html,2022-06-05 16:47:00,1480,1,location not found
2 bedrooms and a Den for rent,https://vancouver.craigslist.org/van/apa/d/vancouver-bedrooms-and-den-for-rent/7492765217.html,2022-06-05 15:48:00,2600,2,2555 Discovery street near 10th ave
Fully Furnished 1-Bedroom Garden Suite - Vancouver,https://vancouver.craigslist.org/van/apa/d/vancouver-fully-furnished-bedroom/7481504643.html,2022-06-05 13:51:00,3000,1,location not found
Point Grey house for rent,https://vancouver.craigslist.org/van/apa/d/vancouver-point-grey-house-for-rent/7492717956.html,2022-06-05 13:36:00,6800,3,W 16th ave near Highbury  st
@Kits. Beach! Studio+a Bedroom+Balcony Apt (2265 W 3rd Ave),https://vancouver.craigslist.org/van/apa/d/vancouver-kits-beach-studioa/7492709167.html,2022-06-05 13:15:00,2200,1,W3rd ave near vine st
Furnished Sophisticated Lane House for Rent in Vancouver #468,https://vancouver.craigslist.org/van/apa/d/vancouver-furnished-sophisticated-lane/7481221383.html,2022-06-05 06:12:00,2750,1,location not found
Stunning Furnished 2 Bedroom Suite in Mt Pleasant #839,https://vancouver.craigslist.org/van/apa/d/vancouver-stunning-furnished-bedroom/7481219396.html,2022-06-05 06:12:00,3920,2,location not found
"2 BD, 2 BA Penthouse Suite, available June 13th - $2600/mo",https://vancouver.craigslist.org/van/apa/d/vancouver-bd-ba-penthouse-suite/7488432878.html,2022-06-04 18:32:00,2600,2,Rupert Street near Kingsway Avenue
3 Bedroom and 1 Washroom Upper Floor Unit Available,https://vancouver.craigslist.org/van/apa/d/vancouver-bedroom-and-washroom-upper/7492331290.html,2022-06-04 12:41:00,2500,3,3 Bedroom and 1 Washroom Upper Floor Unit Available
"Beautiful 1BR suite in quiet neighbourhood, utilities included",https://vancouver.craigslist.org/van/apa/d/vancouver-beautiful-1br-suite-in-quiet/7492288725.html,2022-06-04 11:17:00,2080,1,location not found
8775 Oak 2 bedroom + den apartment for rent,https://vancouver.craigslist.org/van/apa/d/vancouver-8775-oak-bedroom-den/7491226669.html,2022-06-04 09:29:00,2000,2,Oak near W 72nd ave
"$1,895.00 / 550ft2 - 1Br+Den (Small 2Br) + Patio + Free WiFi, KITSILAN",https://vancouver.craigslist.org/van/apa/d/vancouver-ft2-1brden-small-2br-patio/7492135768.html,2022-06-04 05:48:00,1895,2,location not found
GORGEOUS 1 Bed&Den Condo on Seymour-Downtown/Financial District,https://vancouver.craigslist.org/van/apa/d/vancouver-gorgeous-bedden-condo-on/7492053695.html,2022-06-03 19:02:00,2600,1,438 Seymour Street
New Renovated- Full Furnished-3 Bedrm--Ground Floor-Garden Suite-Priva,https://vancouver.craigslist.org/van/apa/d/vancouver-new-renovated-full-furnished/7491983618.html,2022-06-03 15:29:00,3900,3,West 32 Ave near Dunbar
1 bed 1 bath condo for rent,https://vancouver.craigslist.org/van/apa/d/vancouver-bed-bath-condo-for-rent/7491971692.html,2022-06-03 15:01:00,2900,1,2216 West Third Ave. near Yew Street
Bright and spacious 2 Bedroom Ground Floor East Vancouver,https://vancouver.craigslist.org/van/apa/d/vancouver-bright-and-spacious-bedroom/7489586128.html,2022-06-03 14:42:00,1680,2,location not found
New Laneway House-FURNISHED-2 Bed +2.5 Bath+Living Room,https://vancouver.craigslist.org/van/apa/d/vancouver-new-laneway-house-furnished/7491954706.html,2022-06-03 14:24:00,3000,2,West 29 Ave near Crown St.
Apartment Rent,https://vancouver.craigslist.org/rds/apa/d/surrey-inner-northwest-apartment-rent/7491641674.html,2022-06-02 21:08:00,1750,1,407 9830 Whalley Boulevard
2br with Private Patio,https://vancouver.craigslist.org/van/apa/d/vancouver-2br-with-private-patio/7491455927.html,2022-06-02 12:08:00,2700,2,location not found
3 Bedrooms 1.5 bathrooms in a Quiet Neighbourhood,https://vancouver.craigslist.org/van/apa/d/vancouver-bedrooms-15-bathrooms-in/7491378460.html,2022-06-02 09:39:00,2900,3,E52nd Ave near Lancaster St
Spacious 4 bdrm furnished upper floor,https://vancouver.craigslist.org/van/apa/d/vancouver-spacious-bdrm-furnished-upper/7491241117.html,2022-06-02 01:35:00,4500,4,location not found
2 Bedroom Laneway,https://vancouver.craigslist.org/van/apa/d/vancouver-bedroom-laneway/7483560690.html,2022-06-01 21:35:00,2650,2,4521 Dumfries Street near Knight Street and 30th
Available now Bedroom Suite Hastings Sunrise,https://vancouver.craigslist.org/van/apa/d/vancouver-available-now-bedroom-suite/7491089124.html,2022-06-01 14:14:00,2200,2,McGill
"Unfinished 2 Bedroom Suite Available June 1, 2022",https://vancouver.craigslist.org/van/apa/d/vancouver-unfinished-bedroom-suite/7479199429.html,2022-05-31 22:47:00,2250,2,Cherry near Joyce
"TELUS GARDEN 3Bed + 2 Bath + Den | City, Water, Mountain Views w/ AC",https://vancouver.craigslist.org/van/apa/d/vancouver-telus-garden-3bed-bath-den/7490646870.html,2022-05-31 13:41:00,5200,3,4705-777 Richards street
Spacious 2 Bedroom Ground Floor Vancouver includes utilities,https://vancouver.craigslist.org/van/apa/d/vancouver-spacious-bedroom-ground-floor/7486543272.html,2022-05-30 16:31:00,1680,2,location not found
Bachelor unit private,https://vancouver.craigslist.org/van/apa/d/vancouver-bachelor-unit-private/7490274493.html,2022-05-30 15:23:00,1250,1,1700 block SE Marine near Argyle Street
Rarely Available Space w/ Amazing Views! 1 Bedroom Suite 4th Floor,https://vancouver.craigslist.org/van/apa/d/vancouver-rarely-available-space/7490127613.html,2022-05-30 09:55:00,2350,1,location not found
***Newly-Built Legal Suite for rent!!!***,https://vancouver.craigslist.org/van/apa/d/vancouver-newly-built-legal-suite-for/7489760789.html,2022-05-29 09:09:00,1450,1,location not found
Large 2 Bedroom Upper Corner Unit In Sth Granville,https://vancouver.craigslist.org/van/apa/d/vancouver-large-bedroom-upper-corner/7489609463.html,2022-05-28 18:03:00,2575,2,location not found
2 Bedroom 1 Bathroom - Ground Floor Rental Unit,https://vancouver.craigslist.org/van/apa/d/vancouver-bedroom-bathroom-ground-floor/7489602610.html,2022-05-28 17:16:00,2300,2,location not found
Furnished 3 bedroom  basement suite,https://vancouver.craigslist.org/van/apa/d/vancouver-furnished-bedroom-basement/7489567125.html,2022-05-28 15:25:00,2900,3,46th ave near Alberta
"Bright Beautiful Quiet duplex in Kitsilano (Vancouver, BC)",https://vancouver.craigslist.org/van/apa/d/vancouver-bright-beautiful-quiet-duplex/7489430255.html,2022-05-28 10:16:00,3800,2,location not found
Fully Furnished Penthouse Suite with underground parking on UBC Campus,https://vancouver.craigslist.org/van/apa/d/vancouver-fully-furnished-penthouse/7484216253.html,2022-05-15 20:31:00,2800,1,Wesbrook mall near Gray Ave
MAIN LEVEL OF CHARACTER HOME,https://vancouver.craigslist.org/van/apa/d/vancouver-main-level-of-character-home/7489051659.html,2022-05-27 11:19:00,4700,3,location not found
Spacious Front side Duplex for Rent - Available NOW,https://vancouver.craigslist.org/van/apa/d/vancouver-spacious-front-side-duplex/7479299307.html,2022-05-27 09:21:00,3600,3,Oak near W 67th Ave
Spacious THREE bedrooms - Kitsilano -,https://vancouver.craigslist.org/van/apa/d/vancouver-spacious-three-bedrooms/7488840889.html,2022-05-26 21:40:00,2800,3,10th near Waterloo
Furnished Upper-two-levels of Kitsilano Home,https://vancouver.craigslist.org/van/apa/d/prince-george-furnished-upper-two/7488795496.html,2022-05-26 18:03:00,4995,3,7th Avenue near Waterloo
1 BR Suite for Rent - Walk to UBC,https://vancouver.craigslist.org/van/apa/d/vancouver-br-suite-for-rent-walk-to-ubc/7484072576.html,2022-05-15 12:43:00,1800,1,15th near Sasamat
Spacious Western Exposure 2 Bedroom Suite!!,https://vancouver.craigslist.org/bnc/apa/d/burnaby-spacious-western-exposure/7488552353.html,2022-05-26 08:47:00,1750,2,3951 Smith Ave near Kincaid
Huge 2 Bedroom Corner Unit In Sth Granville,https://vancouver.craigslist.org/van/apa/d/vancouver-huge-bedroom-corner-unit-in/7488413539.html,2022-05-25 20:51:00,2575,2,location not found
Vancouver west Dunbar area 6 bedroom for rent,https://vancouver.craigslist.org/van/apa/d/vancouver-vancouver-west-dunbar-area/7475999181.html,2022-05-24 23:41:00,7800,6,Dunbar near 41 Ave
Two Bedrooms Two Bathroom and Den,https://vancouver.craigslist.org/van/apa/d/vancouver-two-bedrooms-two-bathroom-and/7488015131.html,2022-05-24 22:34:00,4000,2,West Mall near Stadium road
105- Renovated Two Bedroom Suite in Kerrisdale,https://vancouver.craigslist.org/van/apa/d/vancouver-105-renovated-two-bedroom/7476278179.html,2022-05-24 12:07:00,3395,2,5455 Balsam St
"$3,500 / 3BR 2Bath - Upper Level House New Renovated",https://vancouver.craigslist.org/van/apa/d/vancouver-br-2bath-upper-level-house/7478217785.html,2022-05-24 11:21:00,3500,3,location not found
UBC Academy Polygon,https://vancouver.craigslist.org/van/apa/d/vancouver-ubc-academy-polygon/7483627080.html,2022-05-14 10:02:00,4900,3,5728 Berton ave
Bright 1 Bedroom Furnished Suite for Rent in Kitsilano #830,https://vancouver.craigslist.org/van/apa/d/vancouver-bright-bedroom-furnished/7475920126.html,2022-05-23 07:08:00,2300,1,location not found
"West Point Grey One Bed One Bath suite for Rent $1,500",https://vancouver.craigslist.org/van/apa/d/vancouver-west-point-grey-one-bed-one/7477057673.html,2022-05-22 22:31:00,1500,1,4600 W 9th Ave
West Point Grey 3bed 3bath 1Den furnished house $4500,https://vancouver.craigslist.org/van/apa/d/vancouver-west-point-grey-3bed-3bath/7481113369.html,2022-05-22 22:31:00,4500,3,4600 West 9th Ave
$3500 / 3 BR 2 Bath UpHouse New Renovated,https://vancouver.craigslist.org/van/apa/d/vancouver-br-bath-uphouse-new-renovated/7477145530.html,2022-05-22 15:19:00,3500,3,location not found
"ONE Room for rent for a girl in west point grey,VANCOUVER",https://vancouver.craigslist.org/van/apa/d/vancouver-one-room-for-rent-for-girl-in/7485055537.html,2022-05-21 18:49:00,1000,2,4593 W16th near tolmie
2bed 1bath basement West point grey near UBC,https://vancouver.craigslist.org/van/apa/d/vancouver-2bed-1bath-basement-west/7483447569.html,2022-05-13 20:00:00,1700,2,location not found
New 2 bedroom 2 bath condo on ubc campus,https://vancouver.craigslist.org/van/apa/d/vancouver-new-bedroom-bath-condo-on-ubc/7483383155.html,2022-05-13 16:16:00,3700,2,University Boulevard near Acadia
One Bedroom Suite Garden Level for Rent,https://vancouver.craigslist.org/van/apa/d/vancouver-one-bedroom-suite-garden/7476010788.html,2022-05-20 23:02:00,1800,1,W 15th Ave near Camosun St
South Granville - New 2 bed 1 bath basement,https://vancouver.craigslist.org/van/apa/d/vancouver-south-granville-new-bed-bath/7478352688.html,2022-05-20 21:41:00,2480,2,1700 block West 61st Ave near East Blvd
"$12,800 / 4br-2,267ft2 -  PENTHOUSE w/ Roof Deck, Outdoor Hot Bathtub",https://vancouver.craigslist.org/van/apa/d/vancouver-br-2267ft2-penthouse-roof/7485702337.html,2022-05-19 10:16:00,12800,4,location not found
"$3,580 / 2br - 847ft2 -  Concrete unit w/ Balcony, Flex RooFlex Room;",https://vancouver.craigslist.org/van/apa/d/vancouver-br-847ft2-concrete-unit/7485669646.html,2022-05-19 09:16:00,3580,2,location not found
Beautiful Fully Furnished All-Inclusive Downtown Condo (Fall Semester),https://vancouver.craigslist.org/van/apa/d/vancouver-beautiful-fully-furnished-all/7485477157.html,2022-05-18 17:51:00,3200,2,125 Milross Avenue near Quebec St
"3 bdrm + den, 2 bath house in the Oakridge area",https://vancouver.craigslist.org/van/apa/d/vancouver-bdrm-den-bath-house-in-the/7485370610.html,2022-05-18 13:17:00,2950,3,w 49 ave near oak st
Furnished 1 bed and den condo with Garden View in Kitsilano,https://vancouver.craigslist.org/van/apa/d/vancouver-furnished-bed-and-den-condo/7472944128.html,2022-05-17 16:42:00,3500,1,1777 7th Ave near Burrard & West  7th Ave
Rooms for rent - Student Housing,https://vancouver.craigslist.org/van/apa/d/vancouver-rooms-for-rent-student-housing/7484871300.html,2022-05-17 10:59:00,8900,8,Beechwood St near W 57th Ave
New Luxury 2B Apartment,https://vancouver.craigslist.org/van/apa/d/vancouver-new-luxury-2b-apartment/7484545825.html,2022-05-16 14:45:00,3300,2,S104- 5289 Cambie St. near 37 Ave W
"(Great for Student, Family) Furnished Convenient Spacious 5 bed 3 bath",https://vancouver.craigslist.org/van/apa/d/vancouver-great-for-student-family/7472232386.html,2022-05-16 10:11:00,5000,4,W 53rd near Tisdall St.
"RENTED NOT AVAILABLE FOR RENT  Beautiful, Bright, Spacious Condo",https://vancouver.craigslist.org/van/apa/d/vancouver-rented-not-available-for-rent/7484206758.html,2022-05-15 19:42:00,1995,2,8770 Laurel Street
new condo for rent,https://vancouver.craigslist.org/van/apa/d/vancouver-new-condo-for-rent/7480958709.html,2022-05-15 16:56:00,2500,1,location not found
Furnished 1 bedroom plus Den at Joyce for rent,https://vancouver.craigslist.org/van/apa/d/vancouver-furnished-bedroom-plus-den-at/7482413028.html,2022-05-15 15:54:00,3495,1,location not found
UBC Student Dormitory Fully Furnished Utility Included,https://vancouver.craigslist.org/van/apa/d/vancouver-ubc-student-dormitory-fully/7482566511.html,2022-05-11 18:52:00,900,1,4100 near w.11 ave
"Brand New Two Bedroom Laneway House, Architecturally Design, Available",https://vancouver.craigslist.org/van/apa/d/vancouver-brand-new-two-bedroom-laneway/7483996446.html,2022-05-15 09:50:00,2900,2,location not found
2 Bedroom/ 2 Bathroom Apartment in Wesbrook Village UBC,https://vancouver.craigslist.org/van/apa/d/vancouver-bedroom-bathroom-apartment-in/7478836801.html,2022-05-11 14:45:00,3200,2,5981 Gray Ave
"bright 1 bedroom close to university market place,ubc",https://vancouver.craigslist.org/van/apa/d/vancouver-bright-bedroom-close-to/7482446736.html,2022-05-11 13:27:00,1134,1,location not found
R3- 3BDR Furnished unit- one bus to UBC- Sept- May 2023,https://vancouver.craigslist.org/van/apa/d/vancouver-r3-3bdr-furnished-unit-one/7471369748.html,2022-05-11 13:02:00,4750,3,location not found
Pet/Smoking Friendly 5 Bedroom 1.5 Bath House for Rent (8 Months),https://vancouver.craigslist.org/van/apa/d/vancouver-pet-smoking-friendly-bedroom/7478870572.html,2022-05-14 12:54:00,5000,5,2885 E 3rd Avenue
(UniqueAccommodations.com) ID:5217 Beautifully furnished Point Grey,https://vancouver.craigslist.org/van/apa/d/vancouver-uniqueaccommodationscom/7473684876.html,2022-05-13 12:08:00,16500,3,4678 West 9th
Extra Large 2 Bedroom suite. Main Floor,https://vancouver.craigslist.org/van/apa/d/vancouver-extra-large-bedroom-suite/7480938150.html,2022-05-13 08:36:00,1750,2,Cartier St near West 71 Ave
1 Bedroom Ground Level Suite for Rent (Furnished),https://vancouver.craigslist.org/van/apa/d/vancouver-bedroom-ground-level-suite/7483026980.html,2022-05-12 21:35:00,1200,1,location not found
1 Bedroom Suite Marpole/South Vancouver,https://vancouver.craigslist.org/van/apa/d/vancouver-bedroom-suite-marpole-south/7483010596.html,2022-05-12 20:04:00,1575,1,54th ave near knight street
1 BR condo for rent,https://vancouver.craigslist.org/van/apa/d/vancouver-br-condo-for-rent/7482770464.html,2022-05-12 10:05:00,2250,1,Hampton Place near W.16th ave
Oakridge 2 bedroom 1bathrm spacious non-smoking property furnished,https://vancouver.craigslist.org/van/apa/d/vancouver-oakridge-bedroom-1bathrm/7482393053.html,2022-05-11 11:42:00,2585,2,cambie st near 49th Ave
Upper Large 2 Bedroom Suite next To Downtown,https://vancouver.craigslist.org/van/apa/d/vancouver-upper-large-bedroom-suite/7482371893.html,2022-05-11 11:32:00,2450,2,location not found
Two-Bedroom Apartment Utility included,https://vancouver.craigslist.org/van/apa/d/vancouver-two-bedroom-apartment-utility/7477638129.html,2022-05-11 10:43:00,2700,2,W.11 ave
Shangri-La| Furnished 2 Bed+ 2 Bath+A/C Corner Suite +Water Views,https://vancouver.craigslist.org/van/apa/d/vancouver-shangri-la-furnished-bed/7470625315.html,2022-05-11 06:37:00,6500,2,1111 Alberni Street
(ORCA_REF#4646W)***Stunning 2 Bed/1 Bath Basement Suite in Point Grey,https://vancouver.craigslist.org/van/apa/d/vancouver-orcaref4646wstunning-bed-bath/7482162128.html,2022-05-10 21:21:00,2700,2,4646 W 14th Avenue
LARGE 2 BR + SUNROOM AVAIL NOW. FULLY FURNISHED.,https://vancouver.craigslist.org/van/apa/d/vancouver-large-br-sunroom-avail-now/7478627297.html,2022-05-09 01:18:00,2800,2,Oak near W 70th Ave
2 Bedroom Basement Suite in Kerrisdale!,https://vancouver.craigslist.org/van/apa/d/vancouver-bedroom-basement-suite-in/7481371380.html,2022-05-09 07:44:00,1700,2,2735 West 42 Avenue
Brand new 2 bedrooms basement,https://vancouver.craigslist.org/van/apa/d/vancouver-brand-new-bedrooms-basement/7481480489.html,2022-05-09 10:53:00,2000,2,location not found
FURNISHED APARTMENT. SUNNY & SPACIOUS! 2 BR + SUNROOM,https://vancouver.craigslist.org/van/apa/d/vancouver-furnished-apartment-sunny/7478355432.html,2022-05-09 08:54:00,2800,2,Oak near W 70th Ave
